#2026 08 27 05:27:33.056#Z#INFO#01367556-a1d8-11f1-96fc-eeee0a992f5e.OPERATION#http-nio-0.0.0.0-8080-exec-13#
[XS2StartProcessListener] Operation ID: 01367556-a1d8-11f1-96fc-eeee0a992f5e#
#2026 08 27 05:27:33.081#Z#DEBUG#01367556-a1d8-11f1-96fc-eeee0a992f5e.OPERATION#http-nio-0.0.0.0-8080-exec-13#
[XS2StartProcessListener] Process environment: {
  "SKIP_SSL_VALIDATION" : "false",
  "FLOWABLE_JOB_EXECUTOR_MAX_THREADS" : "32",
  "VERSION" : "2.52.0",
  "BASIC_AUTH_ENABLED" : "true",
  "FLOWABLE_JOB_EXECUTOR_QUEUE_CAPACITY" : "16",
  "FLOWABLE_JOB_EXECUTOR_CORE_THREADS" : "8"
}#
#2026 08 27 05:27:33.081#Z#DEBUG#01367556-a1d8-11f1-96fc-eeee0a992f5e.OPERATION#http-nio-0.0.0.0-8080-exec-13#
[XS2StartProcessListener] Current user: ozannurettin.sueel@bwi.de#
#2026 08 27 05:27:33.081#Z#DEBUG#01367556-a1d8-11f1-96fc-eeee0a992f5e.OPERATION#http-nio-0.0.0.0-8080-exec-13#
[XS2StartProcessListener] Client space: DLANG_SPACE#
#2026 08 27 05:27:33.081#Z#DEBUG#01367556-a1d8-11f1-96fc-eeee0a992f5e.OPERATION#http-nio-0.0.0.0-8080-exec-13#
[XS2StartProcessListener] Client organization: BWI GmbH_team-scp-fxtb9qkk#
#2026 08 27 05:27:33.081#Z#INFO#01367556-a1d8-11f1-96fc-eeee0a992f5e.OPERATION#http-nio-0.0.0.0-8080-exec-13#
[XS2StartProcessListener] Process variables: {
  "keepFiles" : false,
  "skipAppDigestCalculation" : false,
  "abortOnError" : false,
  "mtaId" : "projectmanager",
  "noFailOnMissingPermissions" : false,
  "isSecurityEnabled" : false,
  "apiRequestPath" : "https://deploy-service.cf.eu30.hana.ondemand.com/api/v1/spaces/38cede11-30d0-4f52-a389-c3866eac9287/operations",
  "deleteServiceBrokers" : false,
  "appArchiveId" : "e858a978-582d-4ea3-8527-8908ee94faa9",
  "isDisposableUserProvidedServiceEnabled" : false,
  "deleteServiceKeys" : false,
  "noRestartSubscribedApps" : false,
  "noStart" : false,
  "deleteServices" : false
}#
#2026 08 27 05:27:33.144#Z#DEBUG#01367556-a1d8-11f1-96fc-eeee0a992f5e.OPERATION#flowable-async-job-executor-thread-7255#
[ValidateDeployParametersStep] Executing task "validateParametersTask" of process "01369c8c-a1d8-11f1-96fc-eeee0a992f5e"...#
#2026 08 27 05:27:33.144#Z#DEBUG#01367556-a1d8-11f1-96fc-eeee0a992f5e.OPERATION#flowable-async-job-executor-thread-7255#
[ValidateDeployParametersStep] Validating parameters...#
#2026 08 27 05:27:33.147#Z#INFO#01367556-a1d8-11f1-96fc-eeee0a992f5e.OPERATION#flowable-async-job-executor-thread-7255#
[ValidateDeployParametersStep] Size of mtars is 4,016,940 and size of extension descriptors is 0#
#2026 08 27 05:27:33.224#Z#INFO#01367556-a1d8-11f1-96fc-eeee0a992f5e.OPERATION#flowable-async-job-executor-thread-7255#
[ValidateDeployParametersStep] Archive was not split! Total size in bytes: 4,016,940#
#2026 08 27 05:27:33.224#Z#INFO#01367556-a1d8-11f1-96fc-eeee0a992f5e.OPERATION#flowable-async-job-executor-thread-7255#
[ValidateDeployParametersStep] Deploying in org "BWI GmbH_team-scp-fxtb9qkk" and space "DLANG_SPACE"#
#2026 08 27 05:27:33.230#Z#DEBUG#01367556-a1d8-11f1-96fc-eeee0a992f5e.OPERATION#flowable-async-job-executor-thread-7255#
[ValidateDeployParametersStep] Parameters validated#
#2026 08 27 05:27:33.230#Z#DEBUG#01367556-a1d8-11f1-96fc-eeee0a992f5e.OPERATION#flowable-async-job-executor-thread-7255#
Step "Validate Parameters" finished#
#2026 08 27 05:27:33.270#Z#DEBUG#01367556-a1d8-11f1-96fc-eeee0a992f5e.OPERATION#flowable-async-job-executor-thread-7256#
[DeleteRemainingFileParts] Executing task "deleteRemainingFileParts" of process "01369c8c-a1d8-11f1-96fc-eeee0a992f5e"...#
#2026 08 27 05:27:33.272#Z#DEBUG#01367556-a1d8-11f1-96fc-eeee0a992f5e.OPERATION#flowable-async-job-executor-thread-7256#
Step "Delete Remaining File Parts" finished#
#2026 08 27 05:27:33.311#Z#DEBUG#01367556-a1d8-11f1-96fc-eeee0a992f5e.OPERATION#flowable-async-job-executor-thread-7257#
[XS2ProcessMtaArchiveStep] Executing task "processArchiveTask" of process "01369c8c-a1d8-11f1-96fc-eeee0a992f5e"...#
#2026 08 27 05:27:33.312#Z#DEBUG#01367556-a1d8-11f1-96fc-eeee0a992f5e.OPERATION#flowable-async-job-executor-thread-7257#
[XS2ProcessMtaArchiveStep] Processing MTA archive...#
#2026 08 27 05:27:33.312#Z#DEBUG#01367556-a1d8-11f1-96fc-eeee0a992f5e.OPERATION#flowable-async-job-executor-thread-7257#
[XS2ProcessMtaArchiveStep] MTA Archive ID: e858a978-582d-4ea3-8527-8908ee94faa9#
#2026 08 27 05:27:33.531#Z#DEBUG#01367556-a1d8-11f1-96fc-eeee0a992f5e.OPERATION#flowable-async-job-executor-thread-7257#
[XS2ProcessMtaArchiveStep] MTA Descriptor length: 327#
#2026 08 27 05:27:33.531#Z#DEBUG#01367556-a1d8-11f1-96fc-eeee0a992f5e.OPERATION#flowable-async-job-executor-thread-7257#
[XS2ProcessMtaArchiveStep] MTA Archive Modules: [projectmanager-backend]#
#2026 08 27 05:27:33.531#Z#DEBUG#01367556-a1d8-11f1-96fc-eeee0a992f5e.OPERATION#flowable-async-job-executor-thread-7257#
[XS2ProcessMtaArchiveStep] MTA Archive Requires: []#
#2026 08 27 05:27:33.531#Z#DEBUG#01367556-a1d8-11f1-96fc-eeee0a992f5e.OPERATION#flowable-async-job-executor-thread-7257#
[XS2ProcessMtaArchiveStep] MTA Archive Resources: []#
#2026 08 27 05:27:33.543#Z#DEBUG#01367556-a1d8-11f1-96fc-eeee0a992f5e.OPERATION#flowable-async-job-executor-thread-7257#
[XS2ProcessMtaArchiveStep] MTA archive processed#
#2026 08 27 05:27:33.543#Z#DEBUG#01367556-a1d8-11f1-96fc-eeee0a992f5e.OPERATION#flowable-async-job-executor-thread-7257#
Step "Process Archive" finished#
#2026 08 27 05:27:33.592#Z#DEBUG#01367556-a1d8-11f1-96fc-eeee0a992f5e.OPERATION#flowable-async-job-executor-thread-7258#
[ProcessMtaExtensionDescriptorsStep] Executing task "processExtensionDescriptorsTask" of process "01369c8c-a1d8-11f1-96fc-eeee0a992f5e"...#
#2026 08 27 05:27:33.593#Z#DEBUG#01367556-a1d8-11f1-96fc-eeee0a992f5e.OPERATION#flowable-async-job-executor-thread-7258#
[ProcessMtaExtensionDescriptorsStep] Processing MTA extension descriptors...#
#2026 08 27 05:27:33.593#Z#DEBUG#01367556-a1d8-11f1-96fc-eeee0a992f5e.OPERATION#flowable-async-job-executor-thread-7258#
[ProcessMtaExtensionDescriptorsStep] Provided extension descriptors: [ ]#
#2026 08 27 05:27:33.593#Z#DEBUG#01367556-a1d8-11f1-96fc-eeee0a992f5e.OPERATION#flowable-async-job-executor-thread-7258#
[ProcessMtaExtensionDescriptorsStep] No extension descriptors in use#
#2026 08 27 05:27:33.593#Z#DEBUG#01367556-a1d8-11f1-96fc-eeee0a992f5e.OPERATION#flowable-async-job-executor-thread-7258#
[ProcessMtaExtensionDescriptorsStep] MTA extension descriptors processed#
#2026 08 27 05:27:33.593#Z#DEBUG#01367556-a1d8-11f1-96fc-eeee0a992f5e.OPERATION#flowable-async-job-executor-thread-7258#
Step "Process Extension Descriptors" finished#
#2026 08 27 05:27:33.640#Z#DEBUG#01367556-a1d8-11f1-96fc-eeee0a992f5e.OPERATION#flowable-async-job-executor-thread-7259#
[XS2DetectMtaSchemaVersionStep] Executing task "detectSchemaVersionTask" of process "01369c8c-a1d8-11f1-96fc-eeee0a992f5e"...#
#2026 08 27 05:27:33.641#Z#DEBUG#01367556-a1d8-11f1-96fc-eeee0a992f5e.OPERATION#flowable-async-job-executor-thread-7259#
[XS2DetectMtaSchemaVersionStep] Detecting MTA major schema version...#
#2026 08 27 05:27:33.644#Z#INFO#01367556-a1d8-11f1-96fc-eeee0a992f5e.OPERATION#flowable-async-job-executor-thread-7259#
[XS2DetectMtaSchemaVersionStep] Detected MTA schema version: "3"#
#2026 08 27 05:27:33.649#Z#DEBUG#01367556-a1d8-11f1-96fc-eeee0a992f5e.OPERATION#flowable-async-job-executor-thread-7259#
Step "Detect Schema Version" finished#
#2026 08 27 05:27:33.694#Z#DEBUG#01367556-a1d8-11f1-96fc-eeee0a992f5e.OPERATION#flowable-async-job-executor-thread-7260#
[MergeDescriptorsStep] Executing task "mergeDescriptorsTask" of process "01369c8c-a1d8-11f1-96fc-eeee0a992f5e"...#
#2026 08 27 05:27:33.695#Z#DEBUG#01367556-a1d8-11f1-96fc-eeee0a992f5e.OPERATION#flowable-async-job-executor-thread-7260#
[MergeDescriptorsStep] Validating and merging descriptors...#
#2026 08 27 05:27:33.698#Z#DEBUG#01367556-a1d8-11f1-96fc-eeee0a992f5e.OPERATION#flowable-async-job-executor-thread-7260#
[MergeDescriptorsStep] Merged deployment descriptor: {
  "majorSchemaVersion" : 3,
  "schemaVersion" : "3.2.0",
  "id" : "projectmanager",
  "version" : "1.0.0",
  "modules" : [ {
    "majorSchemaVersion" : 3,
    "name" : "projectmanager-backend",
    "type" : "custom",
    "path" : "projectmanager-backend",
    "properties" : { },
    "parameters" : {
      "memory" : "128M",
      "buildpack" : "binary_buildpack",
      "disk-quota" : "256M",
      "command" : "./projectmanager"
    },
    "requiredDependencies" : [ ],
    "providedDependencies" : [ {
      "majorSchemaVersion" : 3,
      "name" : "projectmanager-backend",
      "isPublic" : false,
      "properties" : { },
      "parameters" : { },
      "propertiesMetadata" : {
        "metadata" : { }
      },
      "parametersMetadata" : {
        "metadata" : { }
      }
    } ],
    "propertiesMetadata" : {
      "metadata" : { }
    },
    "parametersMetadata" : {
      "metadata" : { }
    },
    "hooks" : [ ]
  } ],
  "resources" : [ ],
  "parameters" : { },
  "parametersMetadata" : {
    "metadata" : { }
  }
}#
#2026 08 27 05:27:33.700#Z#DEBUG#01367556-a1d8-11f1-96fc-eeee0a992f5e.OPERATION#flowable-async-job-executor-thread-7260#
[MergeDescriptorsStep] Descriptors validated and merged#
#2026 08 27 05:27:33.700#Z#DEBUG#01367556-a1d8-11f1-96fc-eeee0a992f5e.OPERATION#flowable-async-job-executor-thread-7260#
Step "Merge Descriptors" finished#
#2026 08 27 05:27:33.749#Z#DEBUG#01367556-a1d8-11f1-96fc-eeee0a992f5e.OPERATION#flowable-async-job-executor-thread-7261#
[DetectDeployedMtaStep] Executing task "detectDeployedMtaTask" of process "01369c8c-a1d8-11f1-96fc-eeee0a992f5e"...#
#2026 08 27 05:27:33.750#Z#DEBUG#01367556-a1d8-11f1-96fc-eeee0a992f5e.OPERATION#flowable-async-job-executor-thread-7261#
[DetectDeployedMtaStep] Detecting deployed MTA...#
#2026 08 27 05:27:33.816#Z#DEBUG#01367556-a1d8-11f1-96fc-eeee0a992f5e.OPERATION#flowable-async-job-executor-thread-7261#
[DetectDeployedMtaStep] Detecting MTA by id projectmanager and namespace null#
#2026 08 27 05:27:33.817#Z#DEBUG#01367556-a1d8-11f1-96fc-eeee0a992f5e.OPERATION#flowable-async-job-executor-thread-7261#
[DetectDeployedMtaStep] Getting applications by metadata label selector "mta_id=4c9b415c34a2bdee3d7ea69b3fbbd6ec,!mta_namespace"...#
#2026 08 27 05:27:33.885#Z#DEBUG#01367556-a1d8-11f1-96fc-eeee0a992f5e.OPERATION#flowable-async-job-executor-thread-7261#
[DetectDeployedMtaStep] Getting service instances by metadata label selector "mta_id=4c9b415c34a2bdee3d7ea69b3fbbd6ec,!mta_namespace"...#
#2026 08 27 05:27:33.925#Z#DEBUG#01367556-a1d8-11f1-96fc-eeee0a992f5e.OPERATION#flowable-async-job-executor-thread-7261#
[DetectDeployedMtaStep] Deployed MTA: {
  "metadata" : {
    "id" : "projectmanager",
    "version" : "1.0.0"
  },
  "applications" : [ {
    "name" : "projectmanager-backend",
    "metadata" : {
      "guid" : "048b5ac7-6da8-4be5-90f9-088898572dda",
      "createdAt" : [ 2026, 8, 26, 19, 35, 20 ],
      "updatedAt" : [ 2026, 8, 26, 20, 15, 58 ]
    },
    "v3Metadata" : {
      "annotations" : {
        "mta_id" : "projectmanager",
        "mta_version" : "1.0.0",
        "mta_module" : "{\"name\":\"projectmanager-backend\"}",
        "mta_module_provided_dependencies" : "[]",
        "mta_bound_services" : "[]"
      },
      "labels" : {
        "mta_id" : "4c9b415c34a2bdee3d7ea69b3fbbd6ec"
      }
    },
    "state" : "STARTED",
    "lifecycle" : {
      "type" : "BUILDPACK",
      "data" : {
        "stack" : "cflinuxfs4",
        "buildpacks" : [ "binary_buildpack" ]
      }
    },
    "space" : {
      "name" : "DLANG_SPACE",
      "metadata" : {
        "guid" : "38cede11-30d0-4f52-a389-c3866eac9287",
        "createdAt" : [ 2026, 7, 24, 15, 16, 16 ],
        "updatedAt" : [ 2026, 7, 24, 15, 16, 16 ]
      },
      "organization" : {
        "name" : "BWI GmbH_team-scp-fxtb9qkk",
        "metadata" : {
          "guid" : "58636545-e1ca-4fd0-83ec-c7d87b5a7954",
          "createdAt" : [ 2025, 1, 3, 8, 11, 58 ],
          "updatedAt" : [ 2025, 1, 3, 8, 11, 58 ]
        }
      }
    },
    "moduleName" : "projectmanager-backend",
    "boundMtaServices" : [ ],
    "providedDependencyNames" : [ ],
    "productizationState" : "LIVE"
  } ],
  "services" : [ ]
}#
#2026 08 27 05:27:33.925#Z#INFO#01367556-a1d8-11f1-96fc-eeee0a992f5e.OPERATION#flowable-async-job-executor-thread-7261#
[DetectDeployedMtaStep] Detected deployed MTA with ID "projectmanager" and version "1.0.0"#
#2026 08 27 05:27:33.930#Z#DEBUG#01367556-a1d8-11f1-96fc-eeee0a992f5e.OPERATION#flowable-async-job-executor-thread-7261#
[DetectDeployedMtaStep] Detecting backup mta by id "projectmanager" and namespace "null"#
#2026 08 27 05:27:33.931#Z#DEBUG#01367556-a1d8-11f1-96fc-eeee0a992f5e.OPERATION#flowable-async-job-executor-thread-7261#
[DetectDeployedMtaStep] Getting applications by metadata label selector "mta_id=4c9b415c34a2bdee3d7ea69b3fbbd6ec,mta_namespace=b698114a0995e936895b9598a6c19a2c"...#
#2026 08 27 05:27:33.963#Z#DEBUG#01367556-a1d8-11f1-96fc-eeee0a992f5e.OPERATION#flowable-async-job-executor-thread-7261#
[DetectDeployedMtaStep] Getting service instances by metadata label selector "mta_id=4c9b415c34a2bdee3d7ea69b3fbbd6ec,mta_namespace=b698114a0995e936895b9598a6c19a2c"...#
#2026 08 27 05:27:34.001#Z#DEBUG#01367556-a1d8-11f1-96fc-eeee0a992f5e.OPERATION#flowable-async-job-executor-thread-7261#
[DetectDeployedMtaStep] Deployed MTA service keys: [ ]#
#2026 08 27 05:27:34.001#Z#DEBUG#01367556-a1d8-11f1-96fc-eeee0a992f5e.OPERATION#flowable-async-job-executor-thread-7261#
Step "Detect Deployed MTA" finished#
#2026 08 27 05:27:34.046#Z#DEBUG#01367556-a1d8-11f1-96fc-eeee0a992f5e.OPERATION#flowable-async-job-executor-thread-7256#
[XS2CollectSystemParametersStep] Executing task "collectSystemParametersTask" of process "01369c8c-a1d8-11f1-96fc-eeee0a992f5e"...#
#2026 08 27 05:27:34.048#Z#DEBUG#01367556-a1d8-11f1-96fc-eeee0a992f5e.OPERATION#flowable-async-job-executor-thread-7256#
[XS2CollectSystemParametersStep] Collecting system parameters...#
#2026 08 27 05:27:34.049#Z#DEBUG#01367556-a1d8-11f1-96fc-eeee0a992f5e.OPERATION#flowable-async-job-executor-thread-7256#
[XS2CollectSystemParametersStep] Getting default domain...#
#2026 08 27 05:27:34.085#Z#DEBUG#01367556-a1d8-11f1-96fc-eeee0a992f5e.OPERATION#flowable-async-job-executor-thread-7256#
[XS2CollectSystemParametersStep] Default domain: cfapps.eu30.hana.ondemand.com#
#2026 08 27 05:27:34.086#Z#DEBUG#01367556-a1d8-11f1-96fc-eeee0a992f5e.OPERATION#flowable-async-job-executor-thread-7256#
[XS2CollectSystemParametersStep] Checking for overwriting read-only parameters for mta with id: "projectmanager"#
#2026 08 27 05:27:34.086#Z#DEBUG#01367556-a1d8-11f1-96fc-eeee0a992f5e.OPERATION#flowable-async-job-executor-thread-7256#
[XS2CollectSystemParametersStep] No read-only parameters are overwritten#
#2026 08 27 05:27:34.101#Z#DEBUG#01367556-a1d8-11f1-96fc-eeee0a992f5e.OPERATION#flowable-async-job-executor-thread-7256#
[XS2CollectSystemParametersStep] Descriptor with system parameters: {
  "majorSchemaVersion" : 3,
  "schemaVersion" : "3.2.0",
  "id" : "projectmanager",
  "version" : "1.0.0",
  "modules" : [ {
    "majorSchemaVersion" : 3,
    "name" : "projectmanager-backend",
    "type" : "custom",
    "path" : "projectmanager-backend",
    "properties" : { },
    "parameters" : {
      "default-url" : "${protocol}://${default-uri}",
      "default-app-name" : "projectmanager-backend",
      "generated-password" : "********",
      "default-live-url" : "${protocol}://${default-live-uri}",
      "default-uri" : "${host}.${domain}",
      "memory" : "128M",
      "default-instances" : 1,
      "default-live-host" : "bwi-gmbh-team-scp-fxtb9qkk-dlang-space-projectmanager-backend",
      "instances" : "${default-instances}",
      "buildpack" : "binary_buildpack",
      "default-host" : "bwi-gmbh-team-scp-fxtb9qkk-dlang-space-projectmanager-backend",
      "command" : "./projectmanager",
      "app-name" : "${default-app-name}",
      "default-live-uri" : "bwi-gmbh-team-scp-fxtb9qkk-dlang-space-projectmanager-backend.${domain}",
      "protocol" : "https",
      "default-live-app-name" : "projectmanager-backend",
      "default-live-domain" : "cfapps.eu30.hana.ondemand.com",
      "disk-quota" : "256M",
      "domain" : "${default-domain}",
      "host" : "${default-host}",
      "generated-user" : "********"
    },
    "requiredDependencies" : [ ],
    "providedDependencies" : [ {
      "majorSchemaVersion" : 3,
      "name" : "projectmanager-backend",
      "isPublic" : false,
      "properties" : { },
      "parameters" : { },
      "propertiesMetadata" : {
        "metadata" : { }
      },
      "parametersMetadata" : {
        "metadata" : { }
      }
    } ],
    "propertiesMetadata" : {
      "metadata" : { }
    },
    "parametersMetadata" : {
      "metadata" : { }
    },
    "hooks" : [ ]
  } ],
  "resources" : [ ],
  "parameters" : {
    "mta-id" : "projectmanager",
    "authorization-url" : "********",
    "org-guid" : "58636545-e1ca-4fd0-83ec-c7d87b5a7954",
    "org" : "BWI GmbH_team-scp-fxtb9qkk",
    "deploy-target" : "BWI GmbH_team-scp-fxtb9qkk DLANG_SPACE",
    "space" : "DLANG_SPACE",
    "xs-api-url" : "https://api.cf.eu30.hana.ondemand.com",
    "deploy-url" : "deploy-service.cfapps.eu30.hana.ondemand.com",
    "xs-type" : "CF",
    "default-domain" : "cfapps.eu30.hana.ondemand.com",
    "mta-version" : "1.0.0",
    "xs-auth-url" : "********",
    "space-guid" : "38cede11-30d0-4f52-a389-c3866eac9287",
    "user" : "********",
    "controller-url" : "https://api.cf.eu30.hana.ondemand.com",
    "timestamp" : "20260827052733"
  },
  "parametersMetadata" : {
    "metadata" : { }
  }
}#
#2026 08 27 05:27:34.103#Z#DEBUG#01367556-a1d8-11f1-96fc-eeee0a992f5e.OPERATION#flowable-async-job-executor-thread-7256#
[XS2CollectSystemParametersStep] Version rule: SAME_HIGHER#
#2026 08 27 05:27:34.103#Z#INFO#01367556-a1d8-11f1-96fc-eeee0a992f5e.OPERATION#flowable-async-job-executor-thread-7256#
[XS2CollectSystemParametersStep] Detected new MTA version: "1.0.0"#
#2026 08 27 05:27:34.108#Z#INFO#01367556-a1d8-11f1-96fc-eeee0a992f5e.OPERATION#flowable-async-job-executor-thread-7256#
[XS2CollectSystemParametersStep] Deployed MTA version: "1.0.0"#
#2026 08 27 05:27:34.112#Z#DEBUG#01367556-a1d8-11f1-96fc-eeee0a992f5e.OPERATION#flowable-async-job-executor-thread-7256#
[XS2CollectSystemParametersStep] MTA accepted for deployment#
#2026 08 27 05:27:34.112#Z#DEBUG#01367556-a1d8-11f1-96fc-eeee0a992f5e.OPERATION#flowable-async-job-executor-thread-7256#
[XS2CollectSystemParametersStep] System parameters collected#
#2026 08 27 05:27:34.112#Z#DEBUG#01367556-a1d8-11f1-96fc-eeee0a992f5e.OPERATION#flowable-async-job-executor-thread-7256#
Step "Collect System Parameters" finished#
#2026 08 27 05:27:34.155#Z#DEBUG#01367556-a1d8-11f1-96fc-eeee0a992f5e.OPERATION#flowable-async-job-executor-thread-7256#
[ProcessDescriptorStep] Executing task "processDescriptorTask" of process "01369c8c-a1d8-11f1-96fc-eeee0a992f5e"...#
#2026 08 27 05:27:34.157#Z#DEBUG#01367556-a1d8-11f1-96fc-eeee0a992f5e.OPERATION#flowable-async-job-executor-thread-7256#
[ProcessDescriptorStep] Resolving properties and parameters in merged descriptor...#
#2026 08 27 05:27:34.160#Z#DEBUG#01367556-a1d8-11f1-96fc-eeee0a992f5e.OPERATION#flowable-async-job-executor-thread-7256#
[ProcessDescriptorStep] Subscriptions: [ ]#
#2026 08 27 05:27:34.160#Z#DEBUG#01367556-a1d8-11f1-96fc-eeee0a992f5e.OPERATION#flowable-async-job-executor-thread-7256#
[ProcessDescriptorStep] MTA modules: [projectmanager-backend]#
#2026 08 27 05:27:34.160#Z#DEBUG#01367556-a1d8-11f1-96fc-eeee0a992f5e.OPERATION#flowable-async-job-executor-thread-7256#
[ProcessDescriptorStep] Resolved deployment descriptor: {
  "majorSchemaVersion" : 3,
  "schemaVersion" : "3.2.0",
  "id" : "projectmanager",
  "version" : "1.0.0",
  "modules" : [ {
    "majorSchemaVersion" : 3,
    "name" : "projectmanager-backend",
    "type" : "custom",
    "path" : "projectmanager-backend",
    "properties" : { },
    "parameters" : {
      "default-url" : "https://bwi-gmbh-team-scp-fxtb9qkk-dlang-space-projectmanager-backend.cfapps.eu30.hana.ondemand.com",
      "default-app-name" : "projectmanager-backend",
      "generated-password" : "********",
      "default-live-url" : "https://bwi-gmbh-team-scp-fxtb9qkk-dlang-space-projectmanager-backend.cfapps.eu30.hana.ondemand.com",
      "default-uri" : "bwi-gmbh-team-scp-fxtb9qkk-dlang-space-projectmanager-backend.cfapps.eu30.hana.ondemand.com",
      "memory" : "128M",
      "default-instances" : 1,
      "default-live-host" : "bwi-gmbh-team-scp-fxtb9qkk-dlang-space-projectmanager-backend",
      "instances" : 1,
      "buildpack" : "binary_buildpack",
      "default-host" : "bwi-gmbh-team-scp-fxtb9qkk-dlang-space-projectmanager-backend",
      "command" : "./projectmanager",
      "app-name" : "projectmanager-backend",
      "default-live-uri" : "bwi-gmbh-team-scp-fxtb9qkk-dlang-space-projectmanager-backend.cfapps.eu30.hana.ondemand.com",
      "protocol" : "https",
      "default-live-app-name" : "projectmanager-backend",
      "default-live-domain" : "cfapps.eu30.hana.ondemand.com",
      "disk-quota" : "256M",
      "domain" : "cfapps.eu30.hana.ondemand.com",
      "host" : "bwi-gmbh-team-scp-fxtb9qkk-dlang-space-projectmanager-backend",
      "generated-user" : "********"
    },
    "requiredDependencies" : [ ],
    "providedDependencies" : [ {
      "majorSchemaVersion" : 3,
      "name" : "projectmanager-backend",
      "isPublic" : false,
      "properties" : { },
      "parameters" : { },
      "propertiesMetadata" : {
        "metadata" : { }
      },
      "parametersMetadata" : {
        "metadata" : { }
      }
    } ],
    "propertiesMetadata" : {
      "metadata" : { }
    },
    "parametersMetadata" : {
      "metadata" : { }
    },
    "hooks" : [ ]
  } ],
  "resources" : [ ],
  "parameters" : {
    "mta-id" : "projectmanager",
    "authorization-url" : "********",
    "org-guid" : "58636545-e1ca-4fd0-83ec-c7d87b5a7954",
    "org" : "BWI GmbH_team-scp-fxtb9qkk",
    "deploy-target" : "BWI GmbH_team-scp-fxtb9qkk DLANG_SPACE",
    "region-primary-domain" : "eu30.hana.ondemand.com",
    "space" : "DLANG_SPACE",
    "region-domain" : "eu30.hana.ondemand.com",
    "xs-api-url" : "https://api.cf.eu30.hana.ondemand.com",
    "deploy-url" : "deploy-service.cfapps.eu30.hana.ondemand.com",
    "xs-type" : "CF",
    "default-domain" : "cfapps.eu30.hana.ondemand.com",
    "mta-version" : "1.0.0",
    "xs-auth-url" : "********",
    "space-guid" : "38cede11-30d0-4f52-a389-c3866eac9287",
    "user" : "********",
    "controller-url" : "https://api.cf.eu30.hana.ondemand.com",
    "timestamp" : "20260827052733"
  },
  "parametersMetadata" : {
    "metadata" : { }
  }
}#
#2026 08 27 05:27:34.160#Z#DEBUG#01367556-a1d8-11f1-96fc-eeee0a992f5e.OPERATION#flowable-async-job-executor-thread-7256#
[ProcessDescriptorStep] Merged descriptor properties and parameters resolved#
#2026 08 27 05:27:34.160#Z#DEBUG#01367556-a1d8-11f1-96fc-eeee0a992f5e.OPERATION#flowable-async-job-executor-thread-7256#
Step "Process Descriptor Step" finished#
#2026 08 27 05:27:34.204#Z#DEBUG#01367556-a1d8-11f1-96fc-eeee0a992f5e.OPERATION#flowable-async-job-executor-thread-7256#
[XS2BuildCloudDeployModelStep] Executing task "buildDeployModelTask" of process "01369c8c-a1d8-11f1-96fc-eeee0a992f5e"...#
#2026 08 27 05:27:34.207#Z#DEBUG#01367556-a1d8-11f1-96fc-eeee0a992f5e.OPERATION#flowable-async-job-executor-thread-7256#
[XS2BuildCloudDeployModelStep] Service keys defined for content deployment grouped by service name: { }#
#2026 08 27 05:27:34.208#Z#DEBUG#01367556-a1d8-11f1-96fc-eeee0a992f5e.OPERATION#flowable-async-job-executor-thread-7256#
[XS2BuildCloudDeployModelStep] Building cloud deployment model...#
#2026 08 27 05:27:34.211#Z#DEBUG#01367556-a1d8-11f1-96fc-eeee0a992f5e.OPERATION#flowable-async-job-executor-thread-7256#
[XS2BuildCloudDeployModelStep] MTA archive modules: [projectmanager-backend]#
#2026 08 27 05:27:34.211#Z#DEBUG#01367556-a1d8-11f1-96fc-eeee0a992f5e.OPERATION#flowable-async-job-executor-thread-7256#
[XS2BuildCloudDeployModelStep] Deployed modules: [projectmanager-backend]#
#2026 08 27 05:27:34.212#Z#DEBUG#01367556-a1d8-11f1-96fc-eeee0a992f5e.OPERATION#flowable-async-job-executor-thread-7256#
[XS2BuildCloudDeployModelStep] MTA modules: [projectmanager-backend]#
#2026 08 27 05:27:34.212#Z#DEBUG#01367556-a1d8-11f1-96fc-eeee0a992f5e.OPERATION#flowable-async-job-executor-thread-7256#
[XS2BuildCloudDeployModelStep] Service keys to create: { }#
#2026 08 27 05:27:34.213#Z#DEBUG#01367556-a1d8-11f1-96fc-eeee0a992f5e.OPERATION#flowable-async-job-executor-thread-7256#
[XS2BuildCloudDeployModelStep] Modules to deploy: [{
  "majorSchemaVersion" : 3,
  "name" : "projectmanager-backend",
  "type" : "custom",
  "path" : "projectmanager-backend",
  "properties" : { },
  "parameters" : {
    "default-url" : "https://bwi-gmbh-team-scp-fxtb9qkk-dlang-space-projectmanager-backend.cfapps.eu30.hana.ondemand.com",
    "default-app-name" : "projectmanager-backend",
    "generated-password" : "********",
    "default-live-url" : "https://bwi-gmbh-team-scp-fxtb9qkk-dlang-space-projectmanager-backend.cfapps.eu30.hana.ondemand.com",
    "default-uri" : "bwi-gmbh-team-scp-fxtb9qkk-dlang-space-projectmanager-backend.cfapps.eu30.hana.ondemand.com",
    "memory" : "128M",
    "default-instances" : 1,
    "default-live-host" : "bwi-gmbh-team-scp-fxtb9qkk-dlang-space-projectmanager-backend",
    "instances" : 1,
    "buildpack" : "binary_buildpack",
    "default-host" : "bwi-gmbh-team-scp-fxtb9qkk-dlang-space-projectmanager-backend",
    "command" : "./projectmanager",
    "app-name" : "projectmanager-backend",
    "default-live-uri" : "bwi-gmbh-team-scp-fxtb9qkk-dlang-space-projectmanager-backend.cfapps.eu30.hana.ondemand.com",
    "protocol" : "https",
    "default-live-app-name" : "projectmanager-backend",
    "default-live-domain" : "cfapps.eu30.hana.ondemand.com",
    "disk-quota" : "256M",
    "dependency-type" : "soft",
    "domain" : "cfapps.eu30.hana.ondemand.com",
    "host" : "bwi-gmbh-team-scp-fxtb9qkk-dlang-space-projectmanager-backend",
    "generated-user" : "********"
  },
  "requiredDependencies" : [ ],
  "providedDependencies" : [ {
    "majorSchemaVersion" : 3,
    "name" : "projectmanager-backend",
    "isPublic" : false,
    "properties" : { },
    "parameters" : { },
    "propertiesMetadata" : {
      "metadata" : { }
    },
    "parametersMetadata" : {
      "metadata" : { }
    }
  } ],
  "propertiesMetadata" : {
    "metadata" : { }
  },
  "parametersMetadata" : {
    "metadata" : { }
  },
  "hooks" : [ ]
}]#
#2026 08 27 05:27:34.213#Z#DEBUG#01367556-a1d8-11f1-96fc-eeee0a992f5e.OPERATION#flowable-async-job-executor-thread-7256#
[XS2BuildCloudDeployModelStep] Custom domains: []#
#2026 08 27 05:27:34.215#Z#DEBUG#01367556-a1d8-11f1-96fc-eeee0a992f5e.OPERATION#flowable-async-job-executor-thread-7256#
[XS2BuildCloudDeployModelStep] Calculating resource batches...#
#2026 08 27 05:27:34.216#Z#DEBUG#01367556-a1d8-11f1-96fc-eeee0a992f5e.OPERATION#flowable-async-job-executor-thread-7256#
[XS2BuildCloudDeployModelStep] Calculating resource batches completed.#
#2026 08 27 05:27:34.216#Z#DEBUG#01367556-a1d8-11f1-96fc-eeee0a992f5e.OPERATION#flowable-async-job-executor-thread-7256#
[XS2BuildCloudDeployModelStep] Cloud deployment model built#
#2026 08 27 05:27:34.216#Z#DEBUG#01367556-a1d8-11f1-96fc-eeee0a992f5e.OPERATION#flowable-async-job-executor-thread-7256#
Step "Build Deploy Model" finished#
#2026 08 27 05:27:34.266#Z#DEBUG#01367556-a1d8-11f1-96fc-eeee0a992f5e.OPERATION#flowable-async-job-executor-thread-7256#
[BuildCloudUndeployModelStep] Executing task "buildUndeployModelTask" of process "01369c8c-a1d8-11f1-96fc-eeee0a992f5e"...#
#2026 08 27 05:27:34.267#Z#DEBUG#01367556-a1d8-11f1-96fc-eeee0a992f5e.OPERATION#flowable-async-job-executor-thread-7256#
[BuildCloudUndeployModelStep] Building cloud undeployment model...#
#2026 08 27 05:27:34.270#Z#DEBUG#01367556-a1d8-11f1-96fc-eeee0a992f5e.OPERATION#flowable-async-job-executor-thread-7256#
[BuildCloudUndeployModelStep] Detecting service keys to delete.#
#2026 08 27 05:27:34.272#Z#DEBUG#01367556-a1d8-11f1-96fc-eeee0a992f5e.OPERATION#flowable-async-job-executor-thread-7256#
[BuildCloudUndeployModelStep] No deployed service keys detected!#
#2026 08 27 05:27:34.272#Z#DEBUG#01367556-a1d8-11f1-96fc-eeee0a992f5e.OPERATION#flowable-async-job-executor-thread-7256#
[BuildCloudUndeployModelStep] Detected service keys to delete "[]"#
#2026 08 27 05:27:34.278#Z#DEBUG#01367556-a1d8-11f1-96fc-eeee0a992f5e.OPERATION#flowable-async-job-executor-thread-7256#
[BuildCloudUndeployModelStep] MTA modules: [projectmanager-backend]#
#2026 08 27 05:27:34.278#Z#DEBUG#01367556-a1d8-11f1-96fc-eeee0a992f5e.OPERATION#flowable-async-job-executor-thread-7256#
[BuildCloudUndeployModelStep] Modules to undeploy: [ ]#
#2026 08 27 05:27:34.278#Z#DEBUG#01367556-a1d8-11f1-96fc-eeee0a992f5e.OPERATION#flowable-async-job-executor-thread-7256#
[BuildCloudUndeployModelStep] Modules that won't be changed: [ ]#
#2026 08 27 05:27:34.280#Z#DEBUG#01367556-a1d8-11f1-96fc-eeee0a992f5e.OPERATION#flowable-async-job-executor-thread-7256#
[BuildCloudUndeployModelStep] Subscriptions to delete: [ ]#
#2026 08 27 05:27:34.282#Z#DEBUG#01367556-a1d8-11f1-96fc-eeee0a992f5e.OPERATION#flowable-async-job-executor-thread-7256#
[BuildCloudUndeployModelStep] Cloud services to delete: []#
#2026 08 27 05:27:34.282#Z#DEBUG#01367556-a1d8-11f1-96fc-eeee0a992f5e.OPERATION#flowable-async-job-executor-thread-7256#
[BuildCloudUndeployModelStep] Cloud applications to undeploy: [ ]#
#2026 08 27 05:27:34.286#Z#DEBUG#01367556-a1d8-11f1-96fc-eeee0a992f5e.OPERATION#flowable-async-job-executor-thread-7256#
[BuildCloudUndeployModelStep] Cloud undeployment model built#
#2026 08 27 05:27:34.286#Z#DEBUG#01367556-a1d8-11f1-96fc-eeee0a992f5e.OPERATION#flowable-async-job-executor-thread-7256#
Step "Build Undeploy Model" finished#
#2026 08 27 05:27:34.334#Z#DEBUG#01367556-a1d8-11f1-96fc-eeee0a992f5e.OPERATION#flowable-async-job-executor-thread-7260#
[AddDomainsStep] Executing task "addDomainsTask" of process "01369c8c-a1d8-11f1-96fc-eeee0a992f5e"...#
#2026 08 27 05:27:34.337#Z#DEBUG#01367556-a1d8-11f1-96fc-eeee0a992f5e.OPERATION#flowable-async-job-executor-thread-7260#
[AddDomainsStep] Custom domains: []#
#2026 08 27 05:27:34.337#Z#DEBUG#01367556-a1d8-11f1-96fc-eeee0a992f5e.OPERATION#flowable-async-job-executor-thread-7260#
Step "Add Domains" finished#
#2026 08 27 05:27:34.387#Z#DEBUG#01367556-a1d8-11f1-96fc-eeee0a992f5e.OPERATION#flowable-async-job-executor-thread-7260#
[PrepareModulesDeploymentStep] Executing task "prepareModulesDeploymentTask" of process "01fafd8b-a1d8-11f1-96fc-eeee0a992f5e"...#
#2026 08 27 05:27:34.388#Z#DEBUG#01367556-a1d8-11f1-96fc-eeee0a992f5e.OPERATION#flowable-async-job-executor-thread-7260#
[PrepareModulesDeploymentStep] Preparing modules deployment...#
#2026 08 27 05:27:34.396#Z#DEBUG#01367556-a1d8-11f1-96fc-eeee0a992f5e.OPERATION#flowable-async-job-executor-thread-7260#
Step "Prepare Modules Deployment" finished#
#2026 08 27 05:27:34.556#Z#DEBUG#01367556-a1d8-11f1-96fc-eeee0a992f5e.OPERATION#flowable-async-job-executor-thread-7260#
[ProcessDescriptorStep] Executing task "reprocessDescriptorTask" of process "0211454c-a1d8-11f1-96fc-eeee0a992f5e"...#
#2026 08 27 05:27:34.558#Z#DEBUG#01367556-a1d8-11f1-96fc-eeee0a992f5e.OPERATION#flowable-async-job-executor-thread-7260#
[ProcessDescriptorStep] Resolving properties and parameters in merged descriptor...#
#2026 08 27 05:27:34.560#Z#DEBUG#01367556-a1d8-11f1-96fc-eeee0a992f5e.OPERATION#flowable-async-job-executor-thread-7260#
[ProcessDescriptorStep] Subscriptions: [ ]#
#2026 08 27 05:27:34.568#Z#DEBUG#01367556-a1d8-11f1-96fc-eeee0a992f5e.OPERATION#flowable-async-job-executor-thread-7260#
[ProcessDescriptorStep] MTA modules: [projectmanager-backend]#
#2026 08 27 05:27:34.573#Z#DEBUG#01367556-a1d8-11f1-96fc-eeee0a992f5e.OPERATION#flowable-async-job-executor-thread-7260#
[ProcessDescriptorStep] Resolved deployment descriptor: {
  "majorSchemaVersion" : 3,
  "schemaVersion" : "3.2.0",
  "id" : "projectmanager",
  "version" : "1.0.0",
  "modules" : [ {
    "majorSchemaVersion" : 3,
    "name" : "projectmanager-backend",
    "type" : "custom",
    "path" : "projectmanager-backend",
    "properties" : { },
    "parameters" : {
      "default-url" : "https://bwi-gmbh-team-scp-fxtb9qkk-dlang-space-projectmanager-backend.cfapps.eu30.hana.ondemand.com",
      "default-app-name" : "projectmanager-backend",
      "generated-password" : "********",
      "default-live-url" : "https://bwi-gmbh-team-scp-fxtb9qkk-dlang-space-projectmanager-backend.cfapps.eu30.hana.ondemand.com",
      "default-uri" : "bwi-gmbh-team-scp-fxtb9qkk-dlang-space-projectmanager-backend.cfapps.eu30.hana.ondemand.com",
      "memory" : "128M",
      "default-instances" : 1,
      "default-live-host" : "bwi-gmbh-team-scp-fxtb9qkk-dlang-space-projectmanager-backend",
      "instances" : 1,
      "buildpack" : "binary_buildpack",
      "default-host" : "bwi-gmbh-team-scp-fxtb9qkk-dlang-space-projectmanager-backend",
      "command" : "./projectmanager",
      "app-name" : "projectmanager-backend",
      "default-live-uri" : "bwi-gmbh-team-scp-fxtb9qkk-dlang-space-projectmanager-backend.cfapps.eu30.hana.ondemand.com",
      "protocol" : "https",
      "default-live-app-name" : "projectmanager-backend",
      "default-live-domain" : "cfapps.eu30.hana.ondemand.com",
      "disk-quota" : "256M",
      "domain" : "cfapps.eu30.hana.ondemand.com",
      "host" : "bwi-gmbh-team-scp-fxtb9qkk-dlang-space-projectmanager-backend",
      "generated-user" : "********"
    },
    "requiredDependencies" : [ ],
    "providedDependencies" : [ {
      "majorSchemaVersion" : 3,
      "name" : "projectmanager-backend",
      "isPublic" : false,
      "properties" : { },
      "parameters" : { },
      "propertiesMetadata" : {
        "metadata" : { }
      },
      "parametersMetadata" : {
        "metadata" : { }
      }
    } ],
    "propertiesMetadata" : {
      "metadata" : { }
    },
    "parametersMetadata" : {
      "metadata" : { }
    },
    "hooks" : [ ]
  } ],
  "resources" : [ ],
  "parameters" : {
    "mta-id" : "projectmanager",
    "authorization-url" : "********",
    "org-guid" : "58636545-e1ca-4fd0-83ec-c7d87b5a7954",
    "org" : "BWI GmbH_team-scp-fxtb9qkk",
    "deploy-target" : "BWI GmbH_team-scp-fxtb9qkk DLANG_SPACE",
    "region-primary-domain" : "eu30.hana.ondemand.com",
    "space" : "DLANG_SPACE",
    "region-domain" : "eu30.hana.ondemand.com",
    "xs-api-url" : "https://api.cf.eu30.hana.ondemand.com",
    "deploy-url" : "deploy-service.cfapps.eu30.hana.ondemand.com",
    "xs-type" : "CF",
    "default-domain" : "cfapps.eu30.hana.ondemand.com",
    "mta-version" : "1.0.0",
    "xs-auth-url" : "********",
    "space-guid" : "38cede11-30d0-4f52-a389-c3866eac9287",
    "user" : "********",
    "controller-url" : "https://api.cf.eu30.hana.ondemand.com",
    "timestamp" : "20260827052733"
  },
  "parametersMetadata" : {
    "metadata" : { }
  }
}#
#2026 08 27 05:27:34.573#Z#DEBUG#01367556-a1d8-11f1-96fc-eeee0a992f5e.OPERATION#flowable-async-job-executor-thread-7260#
[ProcessDescriptorStep] Merged descriptor properties and parameters resolved#
#2026 08 27 05:27:34.573#Z#DEBUG#01367556-a1d8-11f1-96fc-eeee0a992f5e.OPERATION#flowable-async-job-executor-thread-7260#
Step "Re-Process Descriptor Step" finished#
#2026 08 27 05:27:34.619#Z#DEBUG#01367556-a1d8-11f1-96fc-eeee0a992f5e.OPERATION#flowable-async-job-executor-thread-7260#
[BuildApplicationDeployModelStep] Executing task "buildApplicationDeployModelTask" of process "0211454c-a1d8-11f1-96fc-eeee0a992f5e"...#
#2026 08 27 05:27:34.623#Z#DEBUG#01367556-a1d8-11f1-96fc-eeee0a992f5e.OPERATION#flowable-async-job-executor-thread-7260#
[BuildApplicationDeployModelStep] Building cloud deployment model for application "projectmanager-backend"...#
#2026 08 27 05:27:34.629#Z#DEBUG#01367556-a1d8-11f1-96fc-eeee0a992f5e.OPERATION#flowable-async-job-executor-thread-7260#
[BuildApplicationDeployModelStep] No health-check-type is specified. Setting default type: port#
#2026 08 27 05:27:34.629#Z#INFO#01367556-a1d8-11f1-96fc-eeee0a992f5e.OPERATION#flowable-async-job-executor-thread-7260#
[BuildApplicationDeployModelStep] Building configuration entries for org BWI GmbH_team-scp-fxtb9qkk, space DLANG_SPACE, spaceId 38cede11-30d0-4f52-a389-c3866eac9287 and namespace null!#
#2026 08 27 05:27:34.631#Z#DEBUG#01367556-a1d8-11f1-96fc-eeee0a992f5e.OPERATION#flowable-async-job-executor-thread-7260#
[BuildApplicationDeployModelStep] Configuration entries to publish: [ ]#
#2026 08 27 05:27:34.631#Z#DEBUG#01367556-a1d8-11f1-96fc-eeee0a992f5e.OPERATION#flowable-async-job-executor-thread-7260#
[BuildApplicationDeployModelStep] Cloud deployment model for application built#
#2026 08 27 05:27:34.631#Z#DEBUG#01367556-a1d8-11f1-96fc-eeee0a992f5e.OPERATION#flowable-async-job-executor-thread-7260#
Step "Build Application Deploy Model" finished#
#2026 08 27 05:27:34.685#Z#DEBUG#01367556-a1d8-11f1-96fc-eeee0a992f5e.OPERATION#flowable-async-job-executor-thread-7260#
[CreateOrUpdateAppStep] Executing task "createAppTask" of process "0211454c-a1d8-11f1-96fc-eeee0a992f5e"...#
#2026 08 27 05:27:34.688#Z#DEBUG#01367556-a1d8-11f1-96fc-eeee0a992f5e.OPERATION#flowable-async-job-executor-thread-7260#
[CreateOrUpdateAppStep] Getting application "projectmanager-backend"...#
#2026 08 27 05:27:34.723#Z#INFO#01367556-a1d8-11f1-96fc-eeee0a992f5e.OPERATION#flowable-async-job-executor-thread-7260#
[CreateOrUpdateAppStep] Updating application "projectmanager-backend"...#
#2026 08 27 05:27:34.731#Z#DEBUG#01367556-a1d8-11f1-96fc-eeee0a992f5e.OPERATION#flowable-async-job-executor-thread-7260#
[CreateOrUpdateAppStep] Getting process for application "048b5ac7-6da8-4be5-90f9-088898572dda"...#
#2026 08 27 05:27:34.774#Z#DEBUG#01367556-a1d8-11f1-96fc-eeee0a992f5e.OPERATION#flowable-async-job-executor-thread-7260#
[CreateOrUpdateAppStep] Getting routes for application "048b5ac7-6da8-4be5-90f9-088898572dda"...#
#2026 08 27 05:27:34.815#Z#DEBUG#01367556-a1d8-11f1-96fc-eeee0a992f5e.OPERATION#flowable-async-job-executor-thread-7260#
[CreateOrUpdateAppStep] Getting features for application "048b5ac7-6da8-4be5-90f9-088898572dda"#
#2026 08 27 05:27:34.836#Z#DEBUG#01367556-a1d8-11f1-96fc-eeee0a992f5e.OPERATION#flowable-async-job-executor-thread-7260#
[CreateOrUpdateAppStep] Updating staging of application "projectmanager-backend" to: {
  "buildpacks" : [ "binary_buildpack" ],
  "command" : "./projectmanager",
  "healthCheckType" : "port",
  "appFeatures" : { }
}#
#2026 08 27 05:27:35.090#Z#DEBUG#01367556-a1d8-11f1-96fc-eeee0a992f5e.OPERATION#flowable-async-job-executor-thread-7260#
[CreateOrUpdateAppStep] Application "projectmanager-backend" updated#
#2026 08 27 05:27:35.090#Z#DEBUG#01367556-a1d8-11f1-96fc-eeee0a992f5e.OPERATION#flowable-async-job-executor-thread-7260#
[CreateOrUpdateAppStep] Getting environment of application "048b5ac7-6da8-4be5-90f9-088898572dda"...#
#2026 08 27 05:27:35.137#Z#DEBUG#01367556-a1d8-11f1-96fc-eeee0a992f5e.OPERATION#flowable-async-job-executor-thread-7260#
[CreateOrUpdateAppStep] Applying update strategy "REPLACE" to env#
#2026 08 27 05:27:35.137#Z#DEBUG#01367556-a1d8-11f1-96fc-eeee0a992f5e.OPERATION#flowable-async-job-executor-thread-7260#
[CreateOrUpdateAppStep] Updating environment of application "projectmanager-backend"#
#2026 08 27 05:27:35.272#Z#DEBUG#01367556-a1d8-11f1-96fc-eeee0a992f5e.OPERATION#flowable-async-job-executor-thread-7260#
[CreateOrUpdateAppStep] Application "projectmanager-backend" updated#
#2026 08 27 05:27:35.272#Z#DEBUG#01367556-a1d8-11f1-96fc-eeee0a992f5e.OPERATION#flowable-async-job-executor-thread-7260#
Step "Create App" finished#
#2026 08 27 05:27:35.329#Z#DEBUG#01367556-a1d8-11f1-96fc-eeee0a992f5e.OPERATION#flowable-async-job-executor-thread-7260#
[UploadAppStep] Executing task "uploadAppTask" of process "0211454c-a1d8-11f1-96fc-eeee0a992f5e"...#
#2026 08 27 05:27:35.330#Z#DEBUG#01367556-a1d8-11f1-96fc-eeee0a992f5e.OPERATION#flowable-async-job-executor-thread-7260#
[UploadAppStep] Application upload timeout is default one: 3,600 seconds#
#2026 08 27 05:27:35.331#Z#INFO#01367556-a1d8-11f1-96fc-eeee0a992f5e.OPERATION#flowable-async-job-executor-thread-7260#
[UploadAppStep] Uploading application "projectmanager-backend"...#
#2026 08 27 05:27:35.338#Z#DEBUG#01367556-a1d8-11f1-96fc-eeee0a992f5e.OPERATION#flowable-async-job-executor-thread-7260#
[UploadAppStep] Getting application "projectmanager-backend"...#
#2026 08 27 05:27:35.370#Z#DEBUG#01367556-a1d8-11f1-96fc-eeee0a992f5e.OPERATION#flowable-async-job-executor-thread-7260#
[UploadAppStep] Getting environment of application "048b5ac7-6da8-4be5-90f9-088898572dda"...#
#2026 08 27 05:27:35.410#Z#INFO#01367556-a1d8-11f1-96fc-eeee0a992f5e.OPERATION#flowable-async-job-executor-thread-7260#
[UploadAppStep] Calculating application digest: "projectmanager-backend"#
#2026 08 27 05:27:35.497#Z#DEBUG#01367556-a1d8-11f1-96fc-eeee0a992f5e.OPERATION#flowable-async-job-executor-thread-7260#
Step "Upload App" finished#
#2026 08 27 05:27:43.927#Z#DEBUG#01367556-a1d8-11f1-96fc-eeee0a992f5e.OPERATION#flowable-async-job-executor-thread-7266#
[UploadAppStep] Executing task "uploadAppTask" of process "0211454c-a1d8-11f1-96fc-eeee0a992f5e"...#
#2026 08 27 05:27:43.928#Z#DEBUG#01367556-a1d8-11f1-96fc-eeee0a992f5e.OPERATION#flowable-async-job-executor-thread-7266#
[UploadAppStep] Application upload timeout is default one: 3,600 seconds#
#2026 08 27 05:27:43.932#Z#DEBUG#01367556-a1d8-11f1-96fc-eeee0a992f5e.OPERATION#pool-20-thread-6#
[UploadAppStep] Upload of application: projectmanager-backend started on instance: 2#
#2026 08 27 05:27:43.932#Z#DEBUG#01367556-a1d8-11f1-96fc-eeee0a992f5e.OPERATION#pool-20-thread-6#
[UploadAppStep] Uploading file "projectmanager-backend/data.zip" for application "projectmanager-backend"#
#2026 08 27 05:27:44.040#Z#INFO#01367556-a1d8-11f1-96fc-eeee0a992f5e.OPERATION#pool-20-thread-6#
[UploadAppStep] Time elapsed for app binary download: 107 in millis#
#2026 08 27 05:27:44.040#Z#INFO#01367556-a1d8-11f1-96fc-eeee0a992f5e.OPERATION#pool-20-thread-6#
[UploadAppStep] Size of app projectmanager-backend is 4,027,504 bytes#
#2026 08 27 05:27:44.040#Z#DEBUG#01367556-a1d8-11f1-96fc-eeee0a992f5e.OPERATION#pool-20-thread-6#
[UploadAppStep] Asynchronously uploading binaries for application "projectmanager-backend"...#
#2026 08 27 05:27:44.292#Z#INFO#01367556-a1d8-11f1-96fc-eeee0a992f5e.OPERATION#pool-20-thread-6#
[UploadAppStep] Started async upload of application "projectmanager-backend"#
#2026 08 27 05:27:44.297#Z#INFO#01367556-a1d8-11f1-96fc-eeee0a992f5e.OPERATION#flowable-async-job-executor-thread-7266#
[UploadAppStep] Time elapsed for upload: 368 in millis#
#2026 08 27 05:27:44.297#Z#DEBUG#01367556-a1d8-11f1-96fc-eeee0a992f5e.OPERATION#flowable-async-job-executor-thread-7266#
[UploadAppStep] Getting application "projectmanager-backend"...#
#2026 08 27 05:27:44.326#Z#DEBUG#01367556-a1d8-11f1-96fc-eeee0a992f5e.OPERATION#App upload monitor: 71f1203a-09a2-42cb-a907-42fd5eb074ca#
[UploadAppStep] Upload status: PROCESSING_UPLOAD#
#2026 08 27 05:27:44.336#Z#DEBUG#01367556-a1d8-11f1-96fc-eeee0a992f5e.OPERATION#flowable-async-job-executor-thread-7266#
[UploadAppStep] Getting environment of application "048b5ac7-6da8-4be5-90f9-088898572dda"...#
#2026 08 27 05:27:44.376#Z#DEBUG#01367556-a1d8-11f1-96fc-eeee0a992f5e.OPERATION#flowable-async-job-executor-thread-7266#
[UploadAppStep] Updating environment of application "projectmanager-backend"#
#2026 08 27 05:27:44.480#Z#DEBUG#01367556-a1d8-11f1-96fc-eeee0a992f5e.OPERATION#flowable-async-job-executor-thread-7266#
Step "Upload App" finished#
#2026 08 27 05:27:49.358#Z#DEBUG#01367556-a1d8-11f1-96fc-eeee0a992f5e.OPERATION#App upload monitor: 71f1203a-09a2-42cb-a907-42fd5eb074ca#
[UploadAppStep] Upload status: READY#
#2026 08 27 05:27:53.936#Z#DEBUG#01367556-a1d8-11f1-96fc-eeee0a992f5e.OPERATION#flowable-async-job-executor-thread-7272#
[UploadAppStep] Executing task "uploadAppTask" of process "0211454c-a1d8-11f1-96fc-eeee0a992f5e"...#
#2026 08 27 05:27:53.938#Z#DEBUG#01367556-a1d8-11f1-96fc-eeee0a992f5e.OPERATION#flowable-async-job-executor-thread-7272#
[UploadAppStep] Application upload timeout is default one: 3,600 seconds#
#2026 08 27 05:27:53.938#Z#DEBUG#01367556-a1d8-11f1-96fc-eeee0a992f5e.OPERATION#flowable-async-job-executor-thread-7272#
[UploadAppStep] Checking upload status of application "projectmanager-backend"...#
#2026 08 27 05:27:53.939#Z#DEBUG#01367556-a1d8-11f1-96fc-eeee0a992f5e.OPERATION#flowable-async-job-executor-thread-7272#
[UploadAppStep] Getting package "71f1203a-09a2-42cb-a907-42fd5eb074ca"...#
#2026 08 27 05:27:54.000#Z#DEBUG#01367556-a1d8-11f1-96fc-eeee0a992f5e.OPERATION#flowable-async-job-executor-thread-7272#
[UploadAppStep] Application "projectmanager-backend" uploaded#
#2026 08 27 05:27:54.001#Z#DEBUG#01367556-a1d8-11f1-96fc-eeee0a992f5e.OPERATION#flowable-async-job-executor-thread-7272#
Step "Upload App" finished#
#2026 08 27 05:27:54.049#Z#DEBUG#01367556-a1d8-11f1-96fc-eeee0a992f5e.OPERATION#flowable-async-job-executor-thread-7274#
[ScaleAppStep] Executing task "scaleAppTask" of process "0211454c-a1d8-11f1-96fc-eeee0a992f5e"...#
#2026 08 27 05:27:54.054#Z#DEBUG#01367556-a1d8-11f1-96fc-eeee0a992f5e.OPERATION#flowable-async-job-executor-thread-7274#
[ScaleAppStep] Scaling application "projectmanager-backend"...#
#2026 08 27 05:27:54.054#Z#DEBUG#01367556-a1d8-11f1-96fc-eeee0a992f5e.OPERATION#flowable-async-job-executor-thread-7274#
[ScaleAppStep] Getting application guid "projectmanager-backend"...#
#2026 08 27 05:27:54.086#Z#DEBUG#01367556-a1d8-11f1-96fc-eeee0a992f5e.OPERATION#flowable-async-job-executor-thread-7274#
[ScaleAppStep] Getting process for application "048b5ac7-6da8-4be5-90f9-088898572dda"...#
#2026 08 27 05:27:54.130#Z#DEBUG#01367556-a1d8-11f1-96fc-eeee0a992f5e.OPERATION#flowable-async-job-executor-thread-7274#
[ScaleAppStep] Application "projectmanager-backend" scaled#
#2026 08 27 05:27:54.130#Z#DEBUG#01367556-a1d8-11f1-96fc-eeee0a992f5e.OPERATION#flowable-async-job-executor-thread-7274#
Step "Scale App" finished#
#2026 08 27 05:27:54.169#Z#DEBUG#01367556-a1d8-11f1-96fc-eeee0a992f5e.OPERATION#flowable-async-job-executor-thread-7275#
[DetermineDesiredStateAchievingActionsStep] Executing task "determineDesiredStateAchievingActionsTask" of process "0211454c-a1d8-11f1-96fc-eeee0a992f5e"...#
#2026 08 27 05:27:54.172#Z#DEBUG#01367556-a1d8-11f1-96fc-eeee0a992f5e.OPERATION#flowable-async-job-executor-thread-7275#
[DetermineDesiredStateAchievingActionsStep] Getting application "projectmanager-backend"...#
#2026 08 27 05:27:54.202#Z#DEBUG#01367556-a1d8-11f1-96fc-eeee0a992f5e.OPERATION#flowable-async-job-executor-thread-7275#
[DetermineDesiredStateAchievingActionsStep] Getting instances for application "projectmanager-backend"...#
#2026 08 27 05:27:54.268#Z#DEBUG#01367556-a1d8-11f1-96fc-eeee0a992f5e.OPERATION#flowable-async-job-executor-thread-7275#
[DetermineDesiredStateAchievingActionsStep] Getting environment of application "048b5ac7-6da8-4be5-90f9-088898572dda"...#
#2026 08 27 05:27:54.313#Z#DEBUG#01367556-a1d8-11f1-96fc-eeee0a992f5e.OPERATION#flowable-async-job-executor-thread-7275#
[DetermineDesiredStateAchievingActionsStep] Current state of application projectmanager-backend: INCONSISTENT#
#2026 08 27 05:27:54.313#Z#DEBUG#01367556-a1d8-11f1-96fc-eeee0a992f5e.OPERATION#flowable-async-job-executor-thread-7275#
[DetermineDesiredStateAchievingActionsStep] Desired state of application projectmanager-backend: STARTED#
#2026 08 27 05:27:54.313#Z#DEBUG#01367556-a1d8-11f1-96fc-eeee0a992f5e.OPERATION#flowable-async-job-executor-thread-7275#
[DetermineDesiredStateAchievingActionsStep] Actions that should be executed on application projectmanager-backend: [STOP, STAGE, START]#
#2026 08 27 05:27:54.313#Z#DEBUG#01367556-a1d8-11f1-96fc-eeee0a992f5e.OPERATION#flowable-async-job-executor-thread-7275#
Step "Determine Desired State Achieving Actions" finished#
#2026 08 27 05:27:54.360#Z#DEBUG#01367556-a1d8-11f1-96fc-eeee0a992f5e.OPERATION#flowable-async-job-executor-thread-7277#
[StopAppStep] Executing task "stopAppTask" of process "0211454c-a1d8-11f1-96fc-eeee0a992f5e"...#
#2026 08 27 05:27:54.364#Z#INFO#01367556-a1d8-11f1-96fc-eeee0a992f5e.OPERATION#flowable-async-job-executor-thread-7277#
[StopAppStep] Stopping application "projectmanager-backend"...#
#2026 08 27 05:27:54.370#Z#DEBUG#01367556-a1d8-11f1-96fc-eeee0a992f5e.OPERATION#flowable-async-job-executor-thread-7277#
[StopAppStep] Stopping application "projectmanager-backend"...#
#2026 08 27 05:27:54.541#Z#DEBUG#01367556-a1d8-11f1-96fc-eeee0a992f5e.OPERATION#flowable-async-job-executor-thread-7277#
[StopAppStep] Application "projectmanager-backend" stopped#
#2026 08 27 05:27:54.541#Z#DEBUG#01367556-a1d8-11f1-96fc-eeee0a992f5e.OPERATION#flowable-async-job-executor-thread-7277#
[StopAppStep] Getting environment of application "048b5ac7-6da8-4be5-90f9-088898572dda"...#
#2026 08 27 05:27:54.579#Z#DEBUG#01367556-a1d8-11f1-96fc-eeee0a992f5e.OPERATION#flowable-async-job-executor-thread-7277#
Step "Stop App" finished#
#2026 08 27 05:27:54.636#Z#DEBUG#01367556-a1d8-11f1-96fc-eeee0a992f5e.OPERATION#flowable-async-job-executor-thread-7277#
[StageAppStep] Executing task "stageAppTask" of process "0e0b85de-a1d8-11f1-96fc-eeee0a992f5e"...#
#2026 08 27 05:27:54.637#Z#DEBUG#01367556-a1d8-11f1-96fc-eeee0a992f5e.OPERATION#flowable-async-job-executor-thread-7277#
[StageAppStep] Application stage timeout is default one: 3,600 seconds#
#2026 08 27 05:27:54.641#Z#INFO#01367556-a1d8-11f1-96fc-eeee0a992f5e.OPERATION#flowable-async-job-executor-thread-7277#
[StageAppStep] Staging application "projectmanager-backend"...#
#2026 08 27 05:27:54.645#Z#DEBUG#01367556-a1d8-11f1-96fc-eeee0a992f5e.OPERATION#flowable-async-job-executor-thread-7277#
[StageAppStep] Creating build for package "71f1203a-09a2-42cb-a907-42fd5eb074ca"...#
#2026 08 27 05:27:55.146#Z#DEBUG#01367556-a1d8-11f1-96fc-eeee0a992f5e.OPERATION#flowable-async-job-executor-thread-7277#
Step "Stage App" finished#
#2026 08 27 05:28:03.948#Z#DEBUG#01367556-a1d8-11f1-96fc-eeee0a992f5e.OPERATION#flowable-async-job-executor-thread-7280#
[StageAppStep] Executing task "stageAppTask" of process "0e0b85de-a1d8-11f1-96fc-eeee0a992f5e"...#
#2026 08 27 05:28:03.950#Z#DEBUG#01367556-a1d8-11f1-96fc-eeee0a992f5e.OPERATION#flowable-async-job-executor-thread-7280#
[StageAppStep] Application stage timeout is default one: 3,600 seconds#
#2026 08 27 05:28:03.952#Z#DEBUG#01367556-a1d8-11f1-96fc-eeee0a992f5e.OPERATION#flowable-async-job-executor-thread-7280#
[StageAppStep] Checking status of application "projectmanager-backend"...#
#2026 08 27 05:28:03.952#Z#DEBUG#01367556-a1d8-11f1-96fc-eeee0a992f5e.OPERATION#flowable-async-job-executor-thread-7280#
[StageAppStep] Getting build "2d188781-f846-434d-a3af-633948270348"...#
#2026 08 27 05:28:03.984#Z#DEBUG#01367556-a1d8-11f1-96fc-eeee0a992f5e.OPERATION#flowable-async-job-executor-thread-7280#
[StageAppStep] Staging status of application "projectmanager-backend": STAGED#
#2026 08 27 05:28:03.985#Z#DEBUG#01367556-a1d8-11f1-96fc-eeee0a992f5e.OPERATION#flowable-async-job-executor-thread-7280#
[StageAppStep] Getting application guid "projectmanager-backend"...#
#2026 08 27 05:28:04.093#Z#DEBUG#01367556-a1d8-11f1-96fc-eeee0a992f5e.OPERATION#flowable-async-job-executor-thread-7280#
[StageAppStep] Getting build "2d188781-f846-434d-a3af-633948270348"...#
#2026 08 27 05:28:04.130#Z#DEBUG#01367556-a1d8-11f1-96fc-eeee0a992f5e.OPERATION#flowable-async-job-executor-thread-7280#
[StageAppStep] Binding droplet "2ed64952-26f9-4f36-9aa5-fb7413341019" to application "048b5ac7-6da8-4be5-90f9-088898572dda"...#
#2026 08 27 05:28:04.207#Z#INFO#01367556-a1d8-11f1-96fc-eeee0a992f5e.OPERATION#flowable-async-job-executor-thread-7280#
[StageAppStep] Application "projectmanager-backend" staged#
#2026 08 27 05:28:04.213#Z#DEBUG#01367556-a1d8-11f1-96fc-eeee0a992f5e.OPERATION#flowable-async-job-executor-thread-7280#
Step "Stage App" finished#
#2026 08 27 05:28:04.268#Z#DEBUG#01367556-a1d8-11f1-96fc-eeee0a992f5e.OPERATION#flowable-async-job-executor-thread-7282#
[RestartAppStep] Executing task "startAppTask" of process "0e0b85de-a1d8-11f1-96fc-eeee0a992f5e"...#
#2026 08 27 05:28:04.273#Z#DEBUG#01367556-a1d8-11f1-96fc-eeee0a992f5e.OPERATION#flowable-async-job-executor-thread-7282#
[RestartAppStep] Application start timeout is default one: 3,600 seconds#
#2026 08 27 05:28:04.289#Z#DEBUG#01367556-a1d8-11f1-96fc-eeee0a992f5e.OPERATION#flowable-async-job-executor-thread-7282#
[RestartAppStep] Getting application "projectmanager-backend"...#
#2026 08 27 05:28:04.326#Z#INFO#01367556-a1d8-11f1-96fc-eeee0a992f5e.OPERATION#flowable-async-job-executor-thread-7282#
[RestartAppStep] Starting application "projectmanager-backend"...#
#2026 08 27 05:28:04.332#Z#DEBUG#01367556-a1d8-11f1-96fc-eeee0a992f5e.OPERATION#flowable-async-job-executor-thread-7282#
[RestartAppStep] Starting application "projectmanager-backend"...#
#2026 08 27 05:28:04.672#Z#DEBUG#01367556-a1d8-11f1-96fc-eeee0a992f5e.OPERATION#flowable-async-job-executor-thread-7282#
Step "Start App" finished#
#2026 08 27 05:28:13.971#Z#DEBUG#01367556-a1d8-11f1-96fc-eeee0a992f5e.OPERATION#flowable-async-job-executor-thread-7286#
[RestartAppStep] Executing task "startAppTask" of process "140f97ec-a1d8-11f1-96fc-eeee0a992f5e"...#
#2026 08 27 05:28:13.975#Z#DEBUG#01367556-a1d8-11f1-96fc-eeee0a992f5e.OPERATION#flowable-async-job-executor-thread-7286#
[RestartAppStep] Application start timeout is default one: 3,600 seconds#
#2026 08 27 05:28:13.976#Z#DEBUG#01367556-a1d8-11f1-96fc-eeee0a992f5e.OPERATION#flowable-async-job-executor-thread-7286#
[RestartAppStep] Checking status of application "projectmanager-backend"...#
#2026 08 27 05:28:13.976#Z#DEBUG#01367556-a1d8-11f1-96fc-eeee0a992f5e.OPERATION#flowable-async-job-executor-thread-7286#
[RestartAppStep] Getting application "projectmanager-backend"...#
#2026 08 27 05:28:14.016#Z#DEBUG#01367556-a1d8-11f1-96fc-eeee0a992f5e.OPERATION#flowable-async-job-executor-thread-7286#
[RestartAppStep] Getting instances for application "projectmanager-backend"...#
#2026 08 27 05:28:14.064#Z#DEBUG#01367556-a1d8-11f1-96fc-eeee0a992f5e.OPERATION#flowable-async-job-executor-thread-7286#
[RestartAppStep] Application "projectmanager-backend": 0 of 1 instances running (1 starting)#
#2026 08 27 05:28:14.144#Z#DEBUG#01367556-a1d8-11f1-96fc-eeee0a992f5e.OPERATION#flowable-async-job-executor-thread-7286#
Step "Start App" finished#
#2026 08 27 05:28:23.981#Z#DEBUG#01367556-a1d8-11f1-96fc-eeee0a992f5e.OPERATION#flowable-async-job-executor-thread-7293#
[RestartAppStep] Executing task "startAppTask" of process "19b53655-a1d8-11f1-96fc-eeee0a992f5e"...#
#2026 08 27 05:28:23.985#Z#DEBUG#01367556-a1d8-11f1-96fc-eeee0a992f5e.OPERATION#flowable-async-job-executor-thread-7293#
[RestartAppStep] Application start timeout is default one: 3,600 seconds#
#2026 08 27 05:28:23.986#Z#DEBUG#01367556-a1d8-11f1-96fc-eeee0a992f5e.OPERATION#flowable-async-job-executor-thread-7293#
[RestartAppStep] Checking status of application "projectmanager-backend"...#
#2026 08 27 05:28:23.987#Z#DEBUG#01367556-a1d8-11f1-96fc-eeee0a992f5e.OPERATION#flowable-async-job-executor-thread-7293#
[RestartAppStep] Getting instances for application "projectmanager-backend"...#
#2026 08 27 05:28:24.038#Z#DEBUG#01367556-a1d8-11f1-96fc-eeee0a992f5e.OPERATION#flowable-async-job-executor-thread-7293#
[RestartAppStep] Application "projectmanager-backend": 0 of 1 instances running (1 starting)#
#2026 08 27 05:28:24.061#Z#DEBUG#01367556-a1d8-11f1-96fc-eeee0a992f5e.OPERATION#flowable-async-job-executor-thread-7293#
Step "Start App" finished#
#2026 08 27 05:28:33.999#Z#DEBUG#01367556-a1d8-11f1-96fc-eeee0a992f5e.OPERATION#flowable-async-job-executor-thread-7297#
[RestartAppStep] Executing task "startAppTask" of process "1f9e4585-a1d8-11f1-96fc-eeee0a992f5e"...#
#2026 08 27 05:28:34.002#Z#DEBUG#01367556-a1d8-11f1-96fc-eeee0a992f5e.OPERATION#flowable-async-job-executor-thread-7297#
[RestartAppStep] Application start timeout is default one: 3,600 seconds#
#2026 08 27 05:28:34.004#Z#DEBUG#01367556-a1d8-11f1-96fc-eeee0a992f5e.OPERATION#flowable-async-job-executor-thread-7297#
[RestartAppStep] Checking status of application "projectmanager-backend"...#
#2026 08 27 05:28:34.005#Z#DEBUG#01367556-a1d8-11f1-96fc-eeee0a992f5e.OPERATION#flowable-async-job-executor-thread-7297#
[RestartAppStep] Getting instances for application "projectmanager-backend"...#
#2026 08 27 05:28:34.058#Z#DEBUG#01367556-a1d8-11f1-96fc-eeee0a992f5e.OPERATION#flowable-async-job-executor-thread-7297#
[RestartAppStep] Application "projectmanager-backend": 0 of 1 instances running (1 starting)#
#2026 08 27 05:28:34.096#Z#DEBUG#01367556-a1d8-11f1-96fc-eeee0a992f5e.OPERATION#flowable-async-job-executor-thread-7297#
Step "Start App" finished#
#2026 08 27 05:28:44.015#Z#DEBUG#01367556-a1d8-11f1-96fc-eeee0a992f5e.OPERATION#flowable-async-job-executor-thread-7304#
[RestartAppStep] Executing task "startAppTask" of process "25997de7-a1d8-11f1-96fc-eeee0a992f5e"...#
#2026 08 27 05:28:44.018#Z#DEBUG#01367556-a1d8-11f1-96fc-eeee0a992f5e.OPERATION#flowable-async-job-executor-thread-7304#
[RestartAppStep] Application start timeout is default one: 3,600 seconds#
#2026 08 27 05:28:44.020#Z#DEBUG#01367556-a1d8-11f1-96fc-eeee0a992f5e.OPERATION#flowable-async-job-executor-thread-7304#
[RestartAppStep] Checking status of application "projectmanager-backend"...#
#2026 08 27 05:28:44.021#Z#DEBUG#01367556-a1d8-11f1-96fc-eeee0a992f5e.OPERATION#flowable-async-job-executor-thread-7304#
[RestartAppStep] Getting instances for application "projectmanager-backend"...#
#2026 08 27 05:28:44.099#Z#DEBUG#01367556-a1d8-11f1-96fc-eeee0a992f5e.OPERATION#flowable-async-job-executor-thread-7304#
[RestartAppStep] Application "projectmanager-backend": 0 of 1 instances running (1 starting)#
#2026 08 27 05:28:44.151#Z#DEBUG#01367556-a1d8-11f1-96fc-eeee0a992f5e.OPERATION#flowable-async-job-executor-thread-7304#
Step "Start App" finished#
#2026 08 27 05:28:54.027#Z#DEBUG#01367556-a1d8-11f1-96fc-eeee0a992f5e.OPERATION#flowable-async-job-executor-thread-7306#
[RestartAppStep] Executing task "startAppTask" of process "2b98119a-a1d8-11f1-96fc-eeee0a992f5e"...#
#2026 08 27 05:28:54.030#Z#DEBUG#01367556-a1d8-11f1-96fc-eeee0a992f5e.OPERATION#flowable-async-job-executor-thread-7306#
[RestartAppStep] Application start timeout is default one: 3,600 seconds#
#2026 08 27 05:28:54.031#Z#DEBUG#01367556-a1d8-11f1-96fc-eeee0a992f5e.OPERATION#flowable-async-job-executor-thread-7306#
[RestartAppStep] Checking status of application "projectmanager-backend"...#
#2026 08 27 05:28:54.033#Z#DEBUG#01367556-a1d8-11f1-96fc-eeee0a992f5e.OPERATION#flowable-async-job-executor-thread-7306#
[RestartAppStep] Getting instances for application "projectmanager-backend"...#
#2026 08 27 05:28:54.103#Z#DEBUG#01367556-a1d8-11f1-96fc-eeee0a992f5e.OPERATION#flowable-async-job-executor-thread-7306#
[RestartAppStep] Application "projectmanager-backend": 0 of 1 instances running (1 starting)#
#2026 08 27 05:28:54.127#Z#DEBUG#01367556-a1d8-11f1-96fc-eeee0a992f5e.OPERATION#flowable-async-job-executor-thread-7306#
Step "Start App" finished#
#2026 08 27 05:29:04.035#Z#DEBUG#01367556-a1d8-11f1-96fc-eeee0a992f5e.OPERATION#flowable-async-job-executor-thread-7308#
[RestartAppStep] Executing task "startAppTask" of process "318a2217-a1d8-11f1-96fc-eeee0a992f5e"...#
#2026 08 27 05:29:04.038#Z#DEBUG#01367556-a1d8-11f1-96fc-eeee0a992f5e.OPERATION#flowable-async-job-executor-thread-7308#
[RestartAppStep] Application start timeout is default one: 3,600 seconds#
#2026 08 27 05:29:04.040#Z#DEBUG#01367556-a1d8-11f1-96fc-eeee0a992f5e.OPERATION#flowable-async-job-executor-thread-7308#
[RestartAppStep] Checking status of application "projectmanager-backend"...#
#2026 08 27 05:29:04.041#Z#DEBUG#01367556-a1d8-11f1-96fc-eeee0a992f5e.OPERATION#flowable-async-job-executor-thread-7308#
[RestartAppStep] Getting instances for application "projectmanager-backend"...#
#2026 08 27 05:29:04.114#Z#DEBUG#01367556-a1d8-11f1-96fc-eeee0a992f5e.OPERATION#flowable-async-job-executor-thread-7308#
[RestartAppStep] Application "projectmanager-backend": 0 of 1 instances running (1 starting)#
#2026 08 27 05:29:04.183#Z#DEBUG#01367556-a1d8-11f1-96fc-eeee0a992f5e.OPERATION#flowable-async-job-executor-thread-7308#
Step "Start App" finished#
#2026 08 27 05:29:14.047#Z#DEBUG#01367556-a1d8-11f1-96fc-eeee0a992f5e.OPERATION#flowable-async-job-executor-thread-7310#
[RestartAppStep] Executing task "startAppTask" of process "37886794-a1d8-11f1-96fc-eeee0a992f5e"...#
#2026 08 27 05:29:14.052#Z#DEBUG#01367556-a1d8-11f1-96fc-eeee0a992f5e.OPERATION#flowable-async-job-executor-thread-7310#
[RestartAppStep] Application start timeout is default one: 3,600 seconds#
#2026 08 27 05:29:14.053#Z#DEBUG#01367556-a1d8-11f1-96fc-eeee0a992f5e.OPERATION#flowable-async-job-executor-thread-7310#
[RestartAppStep] Checking status of application "projectmanager-backend"...#
#2026 08 27 05:29:14.055#Z#DEBUG#01367556-a1d8-11f1-96fc-eeee0a992f5e.OPERATION#flowable-async-job-executor-thread-7310#
[RestartAppStep] Getting instances for application "projectmanager-backend"...#
#2026 08 27 05:29:14.141#Z#DEBUG#01367556-a1d8-11f1-96fc-eeee0a992f5e.OPERATION#flowable-async-job-executor-thread-7310#
[RestartAppStep] Application "projectmanager-backend": 0 of 1 instances running (1 starting)#
#2026 08 27 05:29:14.213#Z#DEBUG#01367556-a1d8-11f1-96fc-eeee0a992f5e.OPERATION#flowable-async-job-executor-thread-7310#
Step "Start App" finished#
#2026 08 27 05:29:24.058#Z#DEBUG#01367556-a1d8-11f1-96fc-eeee0a992f5e.OPERATION#flowable-async-job-executor-thread-7312#
[RestartAppStep] Executing task "startAppTask" of process "3d82dc81-a1d8-11f1-96fc-eeee0a992f5e"...#
#2026 08 27 05:29:24.062#Z#DEBUG#01367556-a1d8-11f1-96fc-eeee0a992f5e.OPERATION#flowable-async-job-executor-thread-7312#
[RestartAppStep] Application start timeout is default one: 3,600 seconds#
#2026 08 27 05:29:24.063#Z#DEBUG#01367556-a1d8-11f1-96fc-eeee0a992f5e.OPERATION#flowable-async-job-executor-thread-7312#
[RestartAppStep] Checking status of application "projectmanager-backend"...#
#2026 08 27 05:29:24.065#Z#DEBUG#01367556-a1d8-11f1-96fc-eeee0a992f5e.OPERATION#flowable-async-job-executor-thread-7312#
[RestartAppStep] Getting instances for application "projectmanager-backend"...#
#2026 08 27 05:29:24.115#Z#DEBUG#01367556-a1d8-11f1-96fc-eeee0a992f5e.OPERATION#flowable-async-job-executor-thread-7312#
[RestartAppStep] Application "projectmanager-backend": 0 of 1 instances running (1 starting)#
#2026 08 27 05:29:24.144#Z#DEBUG#01367556-a1d8-11f1-96fc-eeee0a992f5e.OPERATION#flowable-async-job-executor-thread-7312#
Step "Start App" finished#
#2026 08 27 05:29:34.064#Z#DEBUG#01367556-a1d8-11f1-96fc-eeee0a992f5e.OPERATION#flowable-async-job-executor-thread-7314#
[RestartAppStep] Executing task "startAppTask" of process "436e5d4e-a1d8-11f1-96fc-eeee0a992f5e"...#
#2026 08 27 05:29:34.067#Z#DEBUG#01367556-a1d8-11f1-96fc-eeee0a992f5e.OPERATION#flowable-async-job-executor-thread-7314#
[RestartAppStep] Application start timeout is default one: 3,600 seconds#
#2026 08 27 05:29:34.069#Z#DEBUG#01367556-a1d8-11f1-96fc-eeee0a992f5e.OPERATION#flowable-async-job-executor-thread-7314#
[RestartAppStep] Checking status of application "projectmanager-backend"...#
#2026 08 27 05:29:34.070#Z#DEBUG#01367556-a1d8-11f1-96fc-eeee0a992f5e.OPERATION#flowable-async-job-executor-thread-7314#
[RestartAppStep] Getting instances for application "projectmanager-backend"...#
#2026 08 27 05:29:34.144#Z#DEBUG#01367556-a1d8-11f1-96fc-eeee0a992f5e.OPERATION#flowable-async-job-executor-thread-7314#
[RestartAppStep] Application "projectmanager-backend": 0 of 1 instances running (1 starting)#
#2026 08 27 05:29:34.166#Z#DEBUG#01367556-a1d8-11f1-96fc-eeee0a992f5e.OPERATION#flowable-async-job-executor-thread-7314#
Step "Start App" finished#
#2026 08 27 05:29:44.076#Z#DEBUG#01367556-a1d8-11f1-96fc-eeee0a992f5e.OPERATION#flowable-async-job-executor-thread-7316#
[RestartAppStep] Executing task "startAppTask" of process "496799bb-a1d8-11f1-96fc-eeee0a992f5e"...#
#2026 08 27 05:29:44.081#Z#DEBUG#01367556-a1d8-11f1-96fc-eeee0a992f5e.OPERATION#flowable-async-job-executor-thread-7316#
[RestartAppStep] Application start timeout is default one: 3,600 seconds#
#2026 08 27 05:29:44.082#Z#DEBUG#01367556-a1d8-11f1-96fc-eeee0a992f5e.OPERATION#flowable-async-job-executor-thread-7316#
[RestartAppStep] Checking status of application "projectmanager-backend"...#
#2026 08 27 05:29:44.084#Z#DEBUG#01367556-a1d8-11f1-96fc-eeee0a992f5e.OPERATION#flowable-async-job-executor-thread-7316#
[RestartAppStep] Getting instances for application "projectmanager-backend"...#
#2026 08 27 05:29:44.153#Z#DEBUG#01367556-a1d8-11f1-96fc-eeee0a992f5e.OPERATION#flowable-async-job-executor-thread-7316#
[RestartAppStep] Application "projectmanager-backend": 0 of 1 instances running (1 starting)#
#2026 08 27 05:29:44.178#Z#DEBUG#01367556-a1d8-11f1-96fc-eeee0a992f5e.OPERATION#flowable-async-job-executor-thread-7316#
Step "Start App" finished#
#2026 08 27 05:29:54.078#Z#DEBUG#01367556-a1d8-11f1-96fc-eeee0a992f5e.OPERATION#flowable-async-job-executor-thread-7318#
[RestartAppStep] Executing task "startAppTask" of process "4f5f4f88-a1d8-11f1-96fc-eeee0a992f5e"...#
#2026 08 27 05:29:54.081#Z#DEBUG#01367556-a1d8-11f1-96fc-eeee0a992f5e.OPERATION#flowable-async-job-executor-thread-7318#
[RestartAppStep] Application start timeout is default one: 3,600 seconds#
#2026 08 27 05:29:54.082#Z#DEBUG#01367556-a1d8-11f1-96fc-eeee0a992f5e.OPERATION#flowable-async-job-executor-thread-7318#
[RestartAppStep] Checking status of application "projectmanager-backend"...#
#2026 08 27 05:29:54.083#Z#DEBUG#01367556-a1d8-11f1-96fc-eeee0a992f5e.OPERATION#flowable-async-job-executor-thread-7318#
[RestartAppStep] Getting instances for application "projectmanager-backend"...#
#2026 08 27 05:29:54.153#Z#DEBUG#01367556-a1d8-11f1-96fc-eeee0a992f5e.OPERATION#flowable-async-job-executor-thread-7318#
[RestartAppStep] Application "projectmanager-backend": 0 of 1 instances running (1 starting)#
#2026 08 27 05:29:54.196#Z#DEBUG#01367556-a1d8-11f1-96fc-eeee0a992f5e.OPERATION#flowable-async-job-executor-thread-7318#
Step "Start App" finished#
#2026 08 27 05:30:04.087#Z#DEBUG#01367556-a1d8-11f1-96fc-eeee0a992f5e.OPERATION#flowable-async-job-executor-thread-7320#
[RestartAppStep] Executing task "startAppTask" of process "5557c7a5-a1d8-11f1-96fc-eeee0a992f5e"...#
#2026 08 27 05:30:04.089#Z#DEBUG#01367556-a1d8-11f1-96fc-eeee0a992f5e.OPERATION#flowable-async-job-executor-thread-7320#
[RestartAppStep] Application start timeout is default one: 3,600 seconds#
#2026 08 27 05:30:04.091#Z#DEBUG#01367556-a1d8-11f1-96fc-eeee0a992f5e.OPERATION#flowable-async-job-executor-thread-7320#
[RestartAppStep] Checking status of application "projectmanager-backend"...#
#2026 08 27 05:30:04.092#Z#DEBUG#01367556-a1d8-11f1-96fc-eeee0a992f5e.OPERATION#flowable-async-job-executor-thread-7320#
[RestartAppStep] Getting instances for application "projectmanager-backend"...#
#2026 08 27 05:30:04.170#Z#DEBUG#01367556-a1d8-11f1-96fc-eeee0a992f5e.OPERATION#flowable-async-job-executor-thread-7320#
[RestartAppStep] Application "projectmanager-backend": 0 of 1 instances running (1 starting)#
#2026 08 27 05:30:04.237#Z#DEBUG#01367556-a1d8-11f1-96fc-eeee0a992f5e.OPERATION#flowable-async-job-executor-thread-7320#
Step "Start App" finished#
#2026 08 27 05:30:14.100#Z#DEBUG#01367556-a1d8-11f1-96fc-eeee0a992f5e.OPERATION#flowable-async-job-executor-thread-7322#
[RestartAppStep] Executing task "startAppTask" of process "5b53c332-a1d8-11f1-96fc-eeee0a992f5e"...#
#2026 08 27 05:30:14.104#Z#DEBUG#01367556-a1d8-11f1-96fc-eeee0a992f5e.OPERATION#flowable-async-job-executor-thread-7322#
[RestartAppStep] Application start timeout is default one: 3,600 seconds#
#2026 08 27 05:30:14.105#Z#DEBUG#01367556-a1d8-11f1-96fc-eeee0a992f5e.OPERATION#flowable-async-job-executor-thread-7322#
[RestartAppStep] Checking status of application "projectmanager-backend"...#
#2026 08 27 05:30:14.106#Z#DEBUG#01367556-a1d8-11f1-96fc-eeee0a992f5e.OPERATION#flowable-async-job-executor-thread-7322#
[RestartAppStep] Getting instances for application "projectmanager-backend"...#
#2026 08 27 05:30:14.178#Z#DEBUG#01367556-a1d8-11f1-96fc-eeee0a992f5e.OPERATION#flowable-async-job-executor-thread-7322#
[RestartAppStep] Application "projectmanager-backend": 0 of 1 instances running (1 starting)#
#2026 08 27 05:30:14.212#Z#DEBUG#01367556-a1d8-11f1-96fc-eeee0a992f5e.OPERATION#flowable-async-job-executor-thread-7322#
Step "Start App" finished#
#2026 08 27 05:30:24.103#Z#DEBUG#01367556-a1d8-11f1-96fc-eeee0a992f5e.OPERATION#flowable-async-job-executor-thread-7324#
[RestartAppStep] Executing task "startAppTask" of process "6145ac9f-a1d8-11f1-96fc-eeee0a992f5e"...#
#2026 08 27 05:30:24.106#Z#DEBUG#01367556-a1d8-11f1-96fc-eeee0a992f5e.OPERATION#flowable-async-job-executor-thread-7324#
[RestartAppStep] Application start timeout is default one: 3,600 seconds#
#2026 08 27 05:30:24.107#Z#DEBUG#01367556-a1d8-11f1-96fc-eeee0a992f5e.OPERATION#flowable-async-job-executor-thread-7324#
[RestartAppStep] Checking status of application "projectmanager-backend"...#
#2026 08 27 05:30:24.108#Z#DEBUG#01367556-a1d8-11f1-96fc-eeee0a992f5e.OPERATION#flowable-async-job-executor-thread-7324#
[RestartAppStep] Getting instances for application "projectmanager-backend"...#
#2026 08 27 05:30:24.160#Z#DEBUG#01367556-a1d8-11f1-96fc-eeee0a992f5e.OPERATION#flowable-async-job-executor-thread-7324#
[RestartAppStep] Application "projectmanager-backend": 0 of 1 instances running (1 starting)#
#2026 08 27 05:30:24.230#Z#DEBUG#01367556-a1d8-11f1-96fc-eeee0a992f5e.OPERATION#flowable-async-job-executor-thread-7324#
Step "Start App" finished#
#2026 08 27 05:30:34.111#Z#DEBUG#01367556-a1d8-11f1-96fc-eeee0a992f5e.OPERATION#flowable-async-job-executor-thread-7326#
[RestartAppStep] Executing task "startAppTask" of process "673e73dc-a1d8-11f1-96fc-eeee0a992f5e"...#
#2026 08 27 05:30:34.114#Z#DEBUG#01367556-a1d8-11f1-96fc-eeee0a992f5e.OPERATION#flowable-async-job-executor-thread-7326#
[RestartAppStep] Application start timeout is default one: 3,600 seconds#
#2026 08 27 05:30:34.115#Z#DEBUG#01367556-a1d8-11f1-96fc-eeee0a992f5e.OPERATION#flowable-async-job-executor-thread-7326#
[RestartAppStep] Checking status of application "projectmanager-backend"...#
#2026 08 27 05:30:34.116#Z#DEBUG#01367556-a1d8-11f1-96fc-eeee0a992f5e.OPERATION#flowable-async-job-executor-thread-7326#
[RestartAppStep] Getting instances for application "projectmanager-backend"...#
#2026 08 27 05:30:34.189#Z#DEBUG#01367556-a1d8-11f1-96fc-eeee0a992f5e.OPERATION#flowable-async-job-executor-thread-7326#
[RestartAppStep] Application "projectmanager-backend": 0 of 1 instances running (1 starting)#
#2026 08 27 05:30:34.216#Z#DEBUG#01367556-a1d8-11f1-96fc-eeee0a992f5e.OPERATION#flowable-async-job-executor-thread-7326#
Step "Start App" finished#
#2026 08 27 05:30:44.123#Z#DEBUG#01367556-a1d8-11f1-96fc-eeee0a992f5e.OPERATION#flowable-async-job-executor-thread-7328#
[RestartAppStep] Executing task "startAppTask" of process "6d323209-a1d8-11f1-96fc-eeee0a992f5e"...#
#2026 08 27 05:30:44.125#Z#DEBUG#01367556-a1d8-11f1-96fc-eeee0a992f5e.OPERATION#flowable-async-job-executor-thread-7328#
[RestartAppStep] Application start timeout is default one: 3,600 seconds#
#2026 08 27 05:30:44.127#Z#DEBUG#01367556-a1d8-11f1-96fc-eeee0a992f5e.OPERATION#flowable-async-job-executor-thread-7328#
[RestartAppStep] Checking status of application "projectmanager-backend"...#
#2026 08 27 05:30:44.128#Z#DEBUG#01367556-a1d8-11f1-96fc-eeee0a992f5e.OPERATION#flowable-async-job-executor-thread-7328#
[RestartAppStep] Getting instances for application "projectmanager-backend"...#
#2026 08 27 05:30:44.225#Z#DEBUG#01367556-a1d8-11f1-96fc-eeee0a992f5e.OPERATION#flowable-async-job-executor-thread-7328#
[RestartAppStep] Application "projectmanager-backend": 0 of 1 instances running (1 starting)#
#2026 08 27 05:30:44.254#Z#DEBUG#01367556-a1d8-11f1-96fc-eeee0a992f5e.OPERATION#flowable-async-job-executor-thread-7328#
Step "Start App" finished#
#2026 08 27 05:30:54.129#Z#DEBUG#01367556-a1d8-11f1-96fc-eeee0a992f5e.OPERATION#flowable-async-job-executor-thread-7330#
[RestartAppStep] Executing task "startAppTask" of process "732ddf76-a1d8-11f1-96fc-eeee0a992f5e"...#
#2026 08 27 05:30:54.132#Z#DEBUG#01367556-a1d8-11f1-96fc-eeee0a992f5e.OPERATION#flowable-async-job-executor-thread-7330#
[RestartAppStep] Application start timeout is default one: 3,600 seconds#
#2026 08 27 05:30:54.133#Z#DEBUG#01367556-a1d8-11f1-96fc-eeee0a992f5e.OPERATION#flowable-async-job-executor-thread-7330#
[RestartAppStep] Checking status of application "projectmanager-backend"...#
#2026 08 27 05:30:54.134#Z#DEBUG#01367556-a1d8-11f1-96fc-eeee0a992f5e.OPERATION#flowable-async-job-executor-thread-7330#
[RestartAppStep] Getting instances for application "projectmanager-backend"...#
#2026 08 27 05:30:54.200#Z#DEBUG#01367556-a1d8-11f1-96fc-eeee0a992f5e.OPERATION#flowable-async-job-executor-thread-7330#
[RestartAppStep] Application "projectmanager-backend": 0 of 1 instances running (1 starting)#
#2026 08 27 05:30:54.228#Z#DEBUG#01367556-a1d8-11f1-96fc-eeee0a992f5e.OPERATION#flowable-async-job-executor-thread-7330#
Step "Start App" finished#
#2026 08 27 05:31:04.135#Z#DEBUG#01367556-a1d8-11f1-96fc-eeee0a992f5e.OPERATION#flowable-async-job-executor-thread-7332#
[RestartAppStep] Executing task "startAppTask" of process "791feff3-a1d8-11f1-96fc-eeee0a992f5e"...#
#2026 08 27 05:31:04.138#Z#DEBUG#01367556-a1d8-11f1-96fc-eeee0a992f5e.OPERATION#flowable-async-job-executor-thread-7332#
[RestartAppStep] Application start timeout is default one: 3,600 seconds#
#2026 08 27 05:31:04.139#Z#DEBUG#01367556-a1d8-11f1-96fc-eeee0a992f5e.OPERATION#flowable-async-job-executor-thread-7332#
[RestartAppStep] Checking status of application "projectmanager-backend"...#
#2026 08 27 05:31:04.140#Z#DEBUG#01367556-a1d8-11f1-96fc-eeee0a992f5e.OPERATION#flowable-async-job-executor-thread-7332#
[RestartAppStep] Getting instances for application "projectmanager-backend"...#
#2026 08 27 05:31:04.220#Z#DEBUG#01367556-a1d8-11f1-96fc-eeee0a992f5e.OPERATION#flowable-async-job-executor-thread-7332#
[RestartAppStep] Application "projectmanager-backend": 0 of 1 instances running (1 starting)#
#2026 08 27 05:31:04.248#Z#DEBUG#01367556-a1d8-11f1-96fc-eeee0a992f5e.OPERATION#flowable-async-job-executor-thread-7332#
Step "Start App" finished#
#2026 08 27 05:31:14.147#Z#DEBUG#01367556-a1d8-11f1-96fc-eeee0a992f5e.OPERATION#flowable-async-job-executor-thread-7334#
[RestartAppStep] Executing task "startAppTask" of process "7f18b730-a1d8-11f1-96fc-eeee0a992f5e"...#
#2026 08 27 05:31:14.150#Z#DEBUG#01367556-a1d8-11f1-96fc-eeee0a992f5e.OPERATION#flowable-async-job-executor-thread-7334#
[RestartAppStep] Application start timeout is default one: 3,600 seconds#
#2026 08 27 05:31:14.151#Z#DEBUG#01367556-a1d8-11f1-96fc-eeee0a992f5e.OPERATION#flowable-async-job-executor-thread-7334#
[RestartAppStep] Checking status of application "projectmanager-backend"...#
#2026 08 27 05:31:14.152#Z#DEBUG#01367556-a1d8-11f1-96fc-eeee0a992f5e.OPERATION#flowable-async-job-executor-thread-7334#
[RestartAppStep] Getting instances for application "projectmanager-backend"...#
#2026 08 27 05:31:14.216#Z#DEBUG#01367556-a1d8-11f1-96fc-eeee0a992f5e.OPERATION#flowable-async-job-executor-thread-7334#
[RestartAppStep] Application "projectmanager-backend": 0 of 1 instances running (1 starting)#
#2026 08 27 05:31:14.252#Z#DEBUG#01367556-a1d8-11f1-96fc-eeee0a992f5e.OPERATION#flowable-async-job-executor-thread-7334#
Step "Start App" finished#
#2026 08 27 05:31:24.150#Z#DEBUG#01367556-a1d8-11f1-96fc-eeee0a992f5e.OPERATION#flowable-async-job-executor-thread-7336#
[RestartAppStep] Executing task "startAppTask" of process "850f347d-a1d8-11f1-96fc-eeee0a992f5e"...#
#2026 08 27 05:31:24.153#Z#DEBUG#01367556-a1d8-11f1-96fc-eeee0a992f5e.OPERATION#flowable-async-job-executor-thread-7336#
[RestartAppStep] Application start timeout is default one: 3,600 seconds#
#2026 08 27 05:31:24.154#Z#DEBUG#01367556-a1d8-11f1-96fc-eeee0a992f5e.OPERATION#flowable-async-job-executor-thread-7336#
[RestartAppStep] Checking status of application "projectmanager-backend"...#
#2026 08 27 05:31:24.155#Z#DEBUG#01367556-a1d8-11f1-96fc-eeee0a992f5e.OPERATION#flowable-async-job-executor-thread-7336#
[RestartAppStep] Getting instances for application "projectmanager-backend"...#
#2026 08 27 05:31:24.227#Z#DEBUG#01367556-a1d8-11f1-96fc-eeee0a992f5e.OPERATION#flowable-async-job-executor-thread-7336#
[RestartAppStep] Application "projectmanager-backend": 0 of 1 instances running (1 starting)#
#2026 08 27 05:31:24.283#Z#DEBUG#01367556-a1d8-11f1-96fc-eeee0a992f5e.OPERATION#flowable-async-job-executor-thread-7336#
Step "Start App" finished#
#2026 08 27 05:31:34.164#Z#DEBUG#01367556-a1d8-11f1-96fc-eeee0a992f5e.OPERATION#flowable-async-job-executor-thread-7338#
[RestartAppStep] Executing task "startAppTask" of process "8b09d07a-a1d8-11f1-96fc-eeee0a992f5e"...#
#2026 08 27 05:31:34.167#Z#DEBUG#01367556-a1d8-11f1-96fc-eeee0a992f5e.OPERATION#flowable-async-job-executor-thread-7338#
[RestartAppStep] Application start timeout is default one: 3,600 seconds#
#2026 08 27 05:31:34.168#Z#DEBUG#01367556-a1d8-11f1-96fc-eeee0a992f5e.OPERATION#flowable-async-job-executor-thread-7338#
[RestartAppStep] Checking status of application "projectmanager-backend"...#
#2026 08 27 05:31:34.169#Z#DEBUG#01367556-a1d8-11f1-96fc-eeee0a992f5e.OPERATION#flowable-async-job-executor-thread-7338#
[RestartAppStep] Getting instances for application "projectmanager-backend"...#
#2026 08 27 05:31:34.236#Z#DEBUG#01367556-a1d8-11f1-96fc-eeee0a992f5e.OPERATION#flowable-async-job-executor-thread-7338#
[RestartAppStep] Application "projectmanager-backend": 0 of 1 instances running (1 crashed)#
#2026 08 27 05:31:34.297#Z#ERROR#01367556-a1d8-11f1-96fc-eeee0a992f5e.OPERATION#flowable-async-job-executor-thread-7338#
[RestartAppStep] Error starting application "projectmanager-backend": Some instances have crashed. Check the application logs of your application for details.#
#2026 08 27 05:31:34.303#Z#INFO#01367556-a1d8-11f1-96fc-eeee0a992f5e.OPERATION#flowable-async-job-executor-thread-7338#
[RestartAppStep] Download the MTA operation logs for more details.#
#2026 08 27 05:31:34.308#Z#DEBUG#01367556-a1d8-11f1-96fc-eeee0a992f5e.OPERATION#flowable-async-job-executor-thread-7338#
Step "Start App" finished#
#2026 08 27 05:31:34.890#Z#DEBUG#01367556-a1d8-11f1-96fc-eeee0a992f5e.OPERATION#flowable-async-job-executor-thread-7339#
[RestartAppStep] Executing task "startAppTask" of process "8b09d07a-a1d8-11f1-96fc-eeee0a992f5e"...#
#2026 08 27 05:31:34.894#Z#DEBUG#01367556-a1d8-11f1-96fc-eeee0a992f5e.OPERATION#flowable-async-job-executor-thread-7339#
[RestartAppStep] Application start timeout is default one: 3,600 seconds#
#2026 08 27 05:31:34.997#Z#DEBUG#01367556-a1d8-11f1-96fc-eeee0a992f5e.OPERATION#flowable-async-job-executor-thread-7339#
[RestartAppStep] Getting application "projectmanager-backend"...#
#2026 08 27 05:31:35.049#Z#INFO#01367556-a1d8-11f1-96fc-eeee0a992f5e.OPERATION#flowable-async-job-executor-thread-7339#
[RestartAppStep] Stopping application "projectmanager-backend"...#
#2026 08 27 05:31:35.055#Z#DEBUG#01367556-a1d8-11f1-96fc-eeee0a992f5e.OPERATION#flowable-async-job-executor-thread-7339#
[RestartAppStep] Stopping application "projectmanager-backend"...#
#2026 08 27 05:31:35.251#Z#INFO#01367556-a1d8-11f1-96fc-eeee0a992f5e.OPERATION#flowable-async-job-executor-thread-7339#
[RestartAppStep] Starting application "projectmanager-backend"...#
#2026 08 27 05:31:35.256#Z#DEBUG#01367556-a1d8-11f1-96fc-eeee0a992f5e.OPERATION#flowable-async-job-executor-thread-7339#
[RestartAppStep] Starting application "projectmanager-backend"...#
#2026 08 27 05:31:35.567#Z#DEBUG#01367556-a1d8-11f1-96fc-eeee0a992f5e.OPERATION#flowable-async-job-executor-thread-7339#
Step "Start App" finished#
#2026 08 27 05:31:44.167#Z#DEBUG#01367556-a1d8-11f1-96fc-eeee0a992f5e.OPERATION#flowable-async-job-executor-thread-7341#
[RestartAppStep] Executing task "startAppTask" of process "91c376ba-a1d8-11f1-96fc-eeee0a992f5e"...#
#2026 08 27 05:31:44.169#Z#DEBUG#01367556-a1d8-11f1-96fc-eeee0a992f5e.OPERATION#flowable-async-job-executor-thread-7341#
[RestartAppStep] Application start timeout is default one: 3,600 seconds#
#2026 08 27 05:31:44.170#Z#DEBUG#01367556-a1d8-11f1-96fc-eeee0a992f5e.OPERATION#flowable-async-job-executor-thread-7341#
[RestartAppStep] Checking status of application "projectmanager-backend"...#
#2026 08 27 05:31:44.172#Z#DEBUG#01367556-a1d8-11f1-96fc-eeee0a992f5e.OPERATION#flowable-async-job-executor-thread-7341#
[RestartAppStep] Getting instances for application "projectmanager-backend"...#
#2026 08 27 05:31:44.238#Z#DEBUG#01367556-a1d8-11f1-96fc-eeee0a992f5e.OPERATION#flowable-async-job-executor-thread-7341#
[RestartAppStep] Application "projectmanager-backend": 0 of 1 instances running (1 starting)#
#2026 08 27 05:31:44.283#Z#DEBUG#01367556-a1d8-11f1-96fc-eeee0a992f5e.OPERATION#flowable-async-job-executor-thread-7341#
Step "Start App" finished#
#2026 08 27 05:31:54.173#Z#DEBUG#01367556-a1d8-11f1-96fc-eeee0a992f5e.OPERATION#flowable-async-job-executor-thread-7343#
[RestartAppStep] Executing task "startAppTask" of process "96f5b9a7-a1d8-11f1-96fc-eeee0a992f5e"...#
#2026 08 27 05:31:54.176#Z#DEBUG#01367556-a1d8-11f1-96fc-eeee0a992f5e.OPERATION#flowable-async-job-executor-thread-7343#
[RestartAppStep] Application start timeout is default one: 3,600 seconds#
#2026 08 27 05:31:54.177#Z#DEBUG#01367556-a1d8-11f1-96fc-eeee0a992f5e.OPERATION#flowable-async-job-executor-thread-7343#
[RestartAppStep] Checking status of application "projectmanager-backend"...#
#2026 08 27 05:31:54.178#Z#DEBUG#01367556-a1d8-11f1-96fc-eeee0a992f5e.OPERATION#flowable-async-job-executor-thread-7343#
[RestartAppStep] Getting instances for application "projectmanager-backend"...#
#2026 08 27 05:31:54.249#Z#DEBUG#01367556-a1d8-11f1-96fc-eeee0a992f5e.OPERATION#flowable-async-job-executor-thread-7343#
[RestartAppStep] Application "projectmanager-backend": 0 of 1 instances running (1 starting)#
#2026 08 27 05:31:54.279#Z#DEBUG#01367556-a1d8-11f1-96fc-eeee0a992f5e.OPERATION#flowable-async-job-executor-thread-7343#
Step "Start App" finished#
#2026 08 27 05:32:04.184#Z#DEBUG#01367556-a1d8-11f1-96fc-eeee0a992f5e.OPERATION#flowable-async-job-executor-thread-7345#
[RestartAppStep] Executing task "startAppTask" of process "9cead764-a1d8-11f1-96fc-eeee0a992f5e"...#
#2026 08 27 05:32:04.186#Z#DEBUG#01367556-a1d8-11f1-96fc-eeee0a992f5e.OPERATION#flowable-async-job-executor-thread-7345#
[RestartAppStep] Application start timeout is default one: 3,600 seconds#
#2026 08 27 05:32:04.188#Z#DEBUG#01367556-a1d8-11f1-96fc-eeee0a992f5e.OPERATION#flowable-async-job-executor-thread-7345#
[RestartAppStep] Checking status of application "projectmanager-backend"...#
#2026 08 27 05:32:04.189#Z#DEBUG#01367556-a1d8-11f1-96fc-eeee0a992f5e.OPERATION#flowable-async-job-executor-thread-7345#
[RestartAppStep] Getting instances for application "projectmanager-backend"...#
#2026 08 27 05:32:04.241#Z#DEBUG#01367556-a1d8-11f1-96fc-eeee0a992f5e.OPERATION#flowable-async-job-executor-thread-7345#
[RestartAppStep] Application "projectmanager-backend": 0 of 1 instances running (1 starting)#
#2026 08 27 05:32:04.273#Z#DEBUG#01367556-a1d8-11f1-96fc-eeee0a992f5e.OPERATION#flowable-async-job-executor-thread-7345#
Step "Start App" finished#
#2026 08 27 05:32:14.193#Z#DEBUG#01367556-a1d8-11f1-96fc-eeee0a992f5e.OPERATION#flowable-async-job-executor-thread-7347#
[RestartAppStep] Executing task "startAppTask" of process "a2dfce11-a1d8-11f1-96fc-eeee0a992f5e"...#
#2026 08 27 05:32:14.196#Z#DEBUG#01367556-a1d8-11f1-96fc-eeee0a992f5e.OPERATION#flowable-async-job-executor-thread-7347#
[RestartAppStep] Application start timeout is default one: 3,600 seconds#
#2026 08 27 05:32:14.197#Z#DEBUG#01367556-a1d8-11f1-96fc-eeee0a992f5e.OPERATION#flowable-async-job-executor-thread-7347#
[RestartAppStep] Checking status of application "projectmanager-backend"...#
#2026 08 27 05:32:14.198#Z#DEBUG#01367556-a1d8-11f1-96fc-eeee0a992f5e.OPERATION#flowable-async-job-executor-thread-7347#
[RestartAppStep] Getting instances for application "projectmanager-backend"...#
#2026 08 27 05:32:14.275#Z#DEBUG#01367556-a1d8-11f1-96fc-eeee0a992f5e.OPERATION#flowable-async-job-executor-thread-7347#
[RestartAppStep] Application "projectmanager-backend": 0 of 1 instances running (1 starting)#
#2026 08 27 05:32:14.307#Z#DEBUG#01367556-a1d8-11f1-96fc-eeee0a992f5e.OPERATION#flowable-async-job-executor-thread-7347#
Step "Start App" finished#
#2026 08 27 05:32:24.203#Z#DEBUG#01367556-a1d8-11f1-96fc-eeee0a992f5e.OPERATION#flowable-async-job-executor-thread-7349#
[RestartAppStep] Executing task "startAppTask" of process "a8dadf3e-a1d8-11f1-96fc-eeee0a992f5e"...#
#2026 08 27 05:32:24.206#Z#DEBUG#01367556-a1d8-11f1-96fc-eeee0a992f5e.OPERATION#flowable-async-job-executor-thread-7349#
[RestartAppStep] Application start timeout is default one: 3,600 seconds#
#2026 08 27 05:32:24.207#Z#DEBUG#01367556-a1d8-11f1-96fc-eeee0a992f5e.OPERATION#flowable-async-job-executor-thread-7349#
[RestartAppStep] Checking status of application "projectmanager-backend"...#
#2026 08 27 05:32:24.209#Z#DEBUG#01367556-a1d8-11f1-96fc-eeee0a992f5e.OPERATION#flowable-async-job-executor-thread-7349#
[RestartAppStep] Getting instances for application "projectmanager-backend"...#
#2026 08 27 05:32:24.278#Z#DEBUG#01367556-a1d8-11f1-96fc-eeee0a992f5e.OPERATION#flowable-async-job-executor-thread-7349#
[RestartAppStep] Application "projectmanager-backend": 0 of 1 instances running (1 starting)#
#2026 08 27 05:32:24.342#Z#DEBUG#01367556-a1d8-11f1-96fc-eeee0a992f5e.OPERATION#flowable-async-job-executor-thread-7349#
Step "Start App" finished#
#2026 08 27 05:32:34.210#Z#DEBUG#01367556-a1d8-11f1-96fc-eeee0a992f5e.OPERATION#flowable-async-job-executor-thread-7351#
[RestartAppStep] Executing task "startAppTask" of process "aed63e8b-a1d8-11f1-96fc-eeee0a992f5e"...#
#2026 08 27 05:32:34.212#Z#DEBUG#01367556-a1d8-11f1-96fc-eeee0a992f5e.OPERATION#flowable-async-job-executor-thread-7351#
[RestartAppStep] Application start timeout is default one: 3,600 seconds#
#2026 08 27 05:32:34.213#Z#DEBUG#01367556-a1d8-11f1-96fc-eeee0a992f5e.OPERATION#flowable-async-job-executor-thread-7351#
[RestartAppStep] Checking status of application "projectmanager-backend"...#
#2026 08 27 05:32:34.215#Z#DEBUG#01367556-a1d8-11f1-96fc-eeee0a992f5e.OPERATION#flowable-async-job-executor-thread-7351#
[RestartAppStep] Getting instances for application "projectmanager-backend"...#
#2026 08 27 05:32:34.303#Z#DEBUG#01367556-a1d8-11f1-96fc-eeee0a992f5e.OPERATION#flowable-async-job-executor-thread-7351#
[RestartAppStep] Application "projectmanager-backend": 0 of 1 instances running (1 starting)#
#2026 08 27 05:32:34.358#Z#DEBUG#01367556-a1d8-11f1-96fc-eeee0a992f5e.OPERATION#flowable-async-job-executor-thread-7351#
Step "Start App" finished#
#2026 08 27 05:32:44.215#Z#DEBUG#01367556-a1d8-11f1-96fc-eeee0a992f5e.OPERATION#flowable-async-job-executor-thread-7353#
[RestartAppStep] Executing task "startAppTask" of process "b4ce6988-a1d8-11f1-96fc-eeee0a992f5e"...#
#2026 08 27 05:32:44.218#Z#DEBUG#01367556-a1d8-11f1-96fc-eeee0a992f5e.OPERATION#flowable-async-job-executor-thread-7353#
[RestartAppStep] Application start timeout is default one: 3,600 seconds#
#2026 08 27 05:32:44.219#Z#DEBUG#01367556-a1d8-11f1-96fc-eeee0a992f5e.OPERATION#flowable-async-job-executor-thread-7353#
[RestartAppStep] Checking status of application "projectmanager-backend"...#
#2026 08 27 05:32:44.220#Z#DEBUG#01367556-a1d8-11f1-96fc-eeee0a992f5e.OPERATION#flowable-async-job-executor-thread-7353#
[RestartAppStep] Getting instances for application "projectmanager-backend"...#
#2026 08 27 05:32:44.287#Z#DEBUG#01367556-a1d8-11f1-96fc-eeee0a992f5e.OPERATION#flowable-async-job-executor-thread-7353#
[RestartAppStep] Application "projectmanager-backend": 0 of 1 instances running (1 starting)#
#2026 08 27 05:32:44.358#Z#DEBUG#01367556-a1d8-11f1-96fc-eeee0a992f5e.OPERATION#flowable-async-job-executor-thread-7353#
Step "Start App" finished#
#2026 08 27 05:32:54.228#Z#DEBUG#01367556-a1d8-11f1-96fc-eeee0a992f5e.OPERATION#flowable-async-job-executor-thread-7355#
[RestartAppStep] Executing task "startAppTask" of process "bac44a95-a1d8-11f1-96fc-eeee0a992f5e"...#
#2026 08 27 05:32:54.230#Z#DEBUG#01367556-a1d8-11f1-96fc-eeee0a992f5e.OPERATION#flowable-async-job-executor-thread-7355#
[RestartAppStep] Application start timeout is default one: 3,600 seconds#
#2026 08 27 05:32:54.231#Z#DEBUG#01367556-a1d8-11f1-96fc-eeee0a992f5e.OPERATION#flowable-async-job-executor-thread-7355#
[RestartAppStep] Checking status of application "projectmanager-backend"...#
#2026 08 27 05:32:54.232#Z#DEBUG#01367556-a1d8-11f1-96fc-eeee0a992f5e.OPERATION#flowable-async-job-executor-thread-7355#
[RestartAppStep] Getting instances for application "projectmanager-backend"...#
#2026 08 27 05:32:54.298#Z#DEBUG#01367556-a1d8-11f1-96fc-eeee0a992f5e.OPERATION#flowable-async-job-executor-thread-7355#
[RestartAppStep] Application "projectmanager-backend": 0 of 1 instances running (1 starting)#
#2026 08 27 05:32:54.326#Z#DEBUG#01367556-a1d8-11f1-96fc-eeee0a992f5e.OPERATION#flowable-async-job-executor-thread-7355#
Step "Start App" finished#
#2026 08 27 05:33:04.253#Z#DEBUG#01367556-a1d8-11f1-96fc-eeee0a992f5e.OPERATION#flowable-async-job-executor-thread-6931#
[RestartAppStep] Executing task "startAppTask" of process "c0b549a2-a1d8-11f1-96fc-eeee0a992f5e"...#
#2026 08 27 05:33:04.256#Z#DEBUG#01367556-a1d8-11f1-96fc-eeee0a992f5e.OPERATION#flowable-async-job-executor-thread-6931#
[RestartAppStep] Application start timeout is default one: 3,600 seconds#
#2026 08 27 05:33:04.339#Z#DEBUG#01367556-a1d8-11f1-96fc-eeee0a992f5e.OPERATION#flowable-async-job-executor-thread-6931#
[RestartAppStep] Checking status of application "projectmanager-backend"...#
#2026 08 27 05:33:04.341#Z#DEBUG#01367556-a1d8-11f1-96fc-eeee0a992f5e.OPERATION#flowable-async-job-executor-thread-6931#
[RestartAppStep] Getting instances for application "projectmanager-backend"...#
#2026 08 27 05:33:04.466#Z#DEBUG#01367556-a1d8-11f1-96fc-eeee0a992f5e.OPERATION#flowable-async-job-executor-thread-6931#
[RestartAppStep] Application "projectmanager-backend": 0 of 1 instances running (1 starting)#
#2026 08 27 05:33:04.504#Z#DEBUG#01367556-a1d8-11f1-96fc-eeee0a992f5e.OPERATION#flowable-async-job-executor-thread-6931#
Step "Start App" finished#
#2026 08 27 05:33:14.249#Z#DEBUG#01367556-a1d8-11f1-96fc-eeee0a992f5e.OPERATION#flowable-async-job-executor-thread-7360#
[RestartAppStep] Executing task "startAppTask" of process "c6c6a149-a1d8-11f1-819c-eeee0a8541c1"...#
#2026 08 27 05:33:14.252#Z#DEBUG#01367556-a1d8-11f1-96fc-eeee0a992f5e.OPERATION#flowable-async-job-executor-thread-7360#
[RestartAppStep] Application start timeout is default one: 3,600 seconds#
#2026 08 27 05:33:14.253#Z#DEBUG#01367556-a1d8-11f1-96fc-eeee0a992f5e.OPERATION#flowable-async-job-executor-thread-7360#
[RestartAppStep] Checking status of application "projectmanager-backend"...#
#2026 08 27 05:33:14.254#Z#DEBUG#01367556-a1d8-11f1-96fc-eeee0a992f5e.OPERATION#flowable-async-job-executor-thread-7360#
[RestartAppStep] Getting instances for application "projectmanager-backend"...#
#2026 08 27 05:33:14.329#Z#DEBUG#01367556-a1d8-11f1-96fc-eeee0a992f5e.OPERATION#flowable-async-job-executor-thread-7360#
[RestartAppStep] Application "projectmanager-backend": 0 of 1 instances running (1 starting)#
#2026 08 27 05:33:14.432#Z#DEBUG#01367556-a1d8-11f1-96fc-eeee0a992f5e.OPERATION#flowable-async-job-executor-thread-7360#
Step "Start App" finished#
#2026 08 27 05:33:24.257#Z#DEBUG#01367556-a1d8-11f1-96fc-eeee0a992f5e.OPERATION#flowable-async-job-executor-thread-7366#
[RestartAppStep] Executing task "startAppTask" of process "ccb1376c-a1d8-11f1-96fc-eeee0a992f5e"...#
#2026 08 27 05:33:24.260#Z#DEBUG#01367556-a1d8-11f1-96fc-eeee0a992f5e.OPERATION#flowable-async-job-executor-thread-7366#
[RestartAppStep] Application start timeout is default one: 3,600 seconds#
#2026 08 27 05:33:24.261#Z#DEBUG#01367556-a1d8-11f1-96fc-eeee0a992f5e.OPERATION#flowable-async-job-executor-thread-7366#
[RestartAppStep] Checking status of application "projectmanager-backend"...#
#2026 08 27 05:33:24.262#Z#DEBUG#01367556-a1d8-11f1-96fc-eeee0a992f5e.OPERATION#flowable-async-job-executor-thread-7366#
[RestartAppStep] Getting instances for application "projectmanager-backend"...#
#2026 08 27 05:33:24.324#Z#DEBUG#01367556-a1d8-11f1-96fc-eeee0a992f5e.OPERATION#flowable-async-job-executor-thread-7366#
[RestartAppStep] Application "projectmanager-backend": 0 of 1 instances running (1 starting)#
#2026 08 27 05:33:24.351#Z#DEBUG#01367556-a1d8-11f1-96fc-eeee0a992f5e.OPERATION#flowable-async-job-executor-thread-7366#
Step "Start App" finished#
#2026 08 27 05:33:34.286#Z#DEBUG#01367556-a1d8-11f1-96fc-eeee0a992f5e.OPERATION#flowable-async-job-executor-thread-7370#
[RestartAppStep] Executing task "startAppTask" of process "d29abc7c-a1d8-11f1-96fc-eeee0a992f5e"...#
#2026 08 27 05:33:34.289#Z#DEBUG#01367556-a1d8-11f1-96fc-eeee0a992f5e.OPERATION#flowable-async-job-executor-thread-7370#
[RestartAppStep] Application start timeout is default one: 3,600 seconds#
#2026 08 27 05:33:34.290#Z#DEBUG#01367556-a1d8-11f1-96fc-eeee0a992f5e.OPERATION#flowable-async-job-executor-thread-7370#
[RestartAppStep] Checking status of application "projectmanager-backend"...#
#2026 08 27 05:33:34.292#Z#DEBUG#01367556-a1d8-11f1-96fc-eeee0a992f5e.OPERATION#flowable-async-job-executor-thread-7370#
[RestartAppStep] Getting instances for application "projectmanager-backend"...#
#2026 08 27 05:33:34.359#Z#DEBUG#01367556-a1d8-11f1-96fc-eeee0a992f5e.OPERATION#flowable-async-job-executor-thread-7370#
[RestartAppStep] Application "projectmanager-backend": 0 of 1 instances running (1 starting)#
#2026 08 27 05:33:34.411#Z#DEBUG#01367556-a1d8-11f1-96fc-eeee0a992f5e.OPERATION#flowable-async-job-executor-thread-7370#
Step "Start App" finished#
#2026 08 27 05:33:44.295#Z#DEBUG#01367556-a1d8-11f1-96fc-eeee0a992f5e.OPERATION#flowable-async-job-executor-thread-7373#
[RestartAppStep] Executing task "startAppTask" of process "d899ec60-a1d8-11f1-96fc-eeee0a992f5e"...#
#2026 08 27 05:33:44.297#Z#DEBUG#01367556-a1d8-11f1-96fc-eeee0a992f5e.OPERATION#flowable-async-job-executor-thread-7373#
[RestartAppStep] Application start timeout is default one: 3,600 seconds#
#2026 08 27 05:33:44.298#Z#DEBUG#01367556-a1d8-11f1-96fc-eeee0a992f5e.OPERATION#flowable-async-job-executor-thread-7373#
[RestartAppStep] Checking status of application "projectmanager-backend"...#
#2026 08 27 05:33:44.299#Z#DEBUG#01367556-a1d8-11f1-96fc-eeee0a992f5e.OPERATION#flowable-async-job-executor-thread-7373#
[RestartAppStep] Getting instances for application "projectmanager-backend"...#
#2026 08 27 05:33:44.397#Z#DEBUG#01367556-a1d8-11f1-96fc-eeee0a992f5e.OPERATION#flowable-async-job-executor-thread-7373#
[RestartAppStep] Application "projectmanager-backend": 0 of 1 instances running (1 starting)#
#2026 08 27 05:33:44.423#Z#DEBUG#01367556-a1d8-11f1-96fc-eeee0a992f5e.OPERATION#flowable-async-job-executor-thread-7373#
Step "Start App" finished#
#2026 08 27 05:33:54.319#Z#DEBUG#01367556-a1d8-11f1-96fc-eeee0a992f5e.OPERATION#flowable-async-job-executor-thread-6936#
[RestartAppStep] Executing task "startAppTask" of process "de917b5c-a1d8-11f1-96fc-eeee0a992f5e"...#
#2026 08 27 05:33:54.322#Z#DEBUG#01367556-a1d8-11f1-96fc-eeee0a992f5e.OPERATION#flowable-async-job-executor-thread-6936#
[RestartAppStep] Application start timeout is default one: 3,600 seconds#
#2026 08 27 05:33:54.324#Z#DEBUG#01367556-a1d8-11f1-96fc-eeee0a992f5e.OPERATION#flowable-async-job-executor-thread-6936#
[RestartAppStep] Checking status of application "projectmanager-backend"...#
#2026 08 27 05:33:54.325#Z#DEBUG#01367556-a1d8-11f1-96fc-eeee0a992f5e.OPERATION#flowable-async-job-executor-thread-6936#
[RestartAppStep] Getting instances for application "projectmanager-backend"...#
#2026 08 27 05:33:54.426#Z#DEBUG#01367556-a1d8-11f1-96fc-eeee0a992f5e.OPERATION#flowable-async-job-executor-thread-6936#
[RestartAppStep] Application "projectmanager-backend": 0 of 1 instances running (1 starting)#
#2026 08 27 05:33:54.468#Z#DEBUG#01367556-a1d8-11f1-96fc-eeee0a992f5e.OPERATION#flowable-async-job-executor-thread-6936#
Step "Start App" finished#
#2026 08 27 05:34:04.317#Z#DEBUG#01367556-a1d8-11f1-96fc-eeee0a992f5e.OPERATION#flowable-async-job-executor-thread-7383#
[RestartAppStep] Executing task "startAppTask" of process "e48e6128-a1d8-11f1-819c-eeee0a8541c1"...#
#2026 08 27 05:34:04.319#Z#DEBUG#01367556-a1d8-11f1-96fc-eeee0a992f5e.OPERATION#flowable-async-job-executor-thread-7383#
[RestartAppStep] Application start timeout is default one: 3,600 seconds#
#2026 08 27 05:34:04.320#Z#DEBUG#01367556-a1d8-11f1-96fc-eeee0a992f5e.OPERATION#flowable-async-job-executor-thread-7383#
[RestartAppStep] Checking status of application "projectmanager-backend"...#
#2026 08 27 05:34:04.321#Z#DEBUG#01367556-a1d8-11f1-96fc-eeee0a992f5e.OPERATION#flowable-async-job-executor-thread-7383#
[RestartAppStep] Getting instances for application "projectmanager-backend"...#
#2026 08 27 05:34:04.384#Z#DEBUG#01367556-a1d8-11f1-96fc-eeee0a992f5e.OPERATION#flowable-async-job-executor-thread-7383#
[RestartAppStep] Application "projectmanager-backend": 0 of 1 instances running (1 starting)#
#2026 08 27 05:34:04.412#Z#DEBUG#01367556-a1d8-11f1-96fc-eeee0a992f5e.OPERATION#flowable-async-job-executor-thread-7383#
Step "Start App" finished#
#2026 08 27 05:34:14.327#Z#DEBUG#01367556-a1d8-11f1-96fc-eeee0a992f5e.OPERATION#flowable-async-job-executor-thread-7390#
[RestartAppStep] Executing task "startAppTask" of process "ea7b8f45-a1d8-11f1-96fc-eeee0a992f5e"...#
#2026 08 27 05:34:14.329#Z#DEBUG#01367556-a1d8-11f1-96fc-eeee0a992f5e.OPERATION#flowable-async-job-executor-thread-7390#
[RestartAppStep] Application start timeout is default one: 3,600 seconds#
#2026 08 27 05:34:14.331#Z#DEBUG#01367556-a1d8-11f1-96fc-eeee0a992f5e.OPERATION#flowable-async-job-executor-thread-7390#
[RestartAppStep] Checking status of application "projectmanager-backend"...#
#2026 08 27 05:34:14.332#Z#DEBUG#01367556-a1d8-11f1-96fc-eeee0a992f5e.OPERATION#flowable-async-job-executor-thread-7390#
[RestartAppStep] Getting instances for application "projectmanager-backend"...#
#2026 08 27 05:34:14.375#Z#DEBUG#01367556-a1d8-11f1-96fc-eeee0a992f5e.OPERATION#flowable-async-job-executor-thread-7390#
[RestartAppStep] Application "projectmanager-backend": 0 of 1 instances running (1 starting)#
#2026 08 27 05:34:14.405#Z#DEBUG#01367556-a1d8-11f1-96fc-eeee0a992f5e.OPERATION#flowable-async-job-executor-thread-7390#
Step "Start App" finished#
#2026 08 27 05:34:24.337#Z#DEBUG#01367556-a1d8-11f1-96fc-eeee0a992f5e.OPERATION#flowable-async-job-executor-thread-7392#
[RestartAppStep] Executing task "startAppTask" of process "f0705ef7-a1d8-11f1-96fc-eeee0a992f5e"...#
#2026 08 27 05:34:24.340#Z#DEBUG#01367556-a1d8-11f1-96fc-eeee0a992f5e.OPERATION#flowable-async-job-executor-thread-7392#
[RestartAppStep] Application start timeout is default one: 3,600 seconds#
#2026 08 27 05:34:24.341#Z#DEBUG#01367556-a1d8-11f1-96fc-eeee0a992f5e.OPERATION#flowable-async-job-executor-thread-7392#
[RestartAppStep] Checking status of application "projectmanager-backend"...#
#2026 08 27 05:34:24.342#Z#DEBUG#01367556-a1d8-11f1-96fc-eeee0a992f5e.OPERATION#flowable-async-job-executor-thread-7392#
[RestartAppStep] Getting instances for application "projectmanager-backend"...#
#2026 08 27 05:34:24.399#Z#DEBUG#01367556-a1d8-11f1-96fc-eeee0a992f5e.OPERATION#flowable-async-job-executor-thread-7392#
[RestartAppStep] Application "projectmanager-backend": 0 of 1 instances running (1 starting)#
#2026 08 27 05:34:24.426#Z#DEBUG#01367556-a1d8-11f1-96fc-eeee0a992f5e.OPERATION#flowable-async-job-executor-thread-7392#
Step "Start App" finished#
#2026 08 27 05:34:34.361#Z#DEBUG#01367556-a1d8-11f1-96fc-eeee0a992f5e.OPERATION#flowable-async-job-executor-thread-5778#
[RestartAppStep] Executing task "startAppTask" of process "f6697454-a1d8-11f1-96fc-eeee0a992f5e"...#
#2026 08 27 05:34:34.365#Z#DEBUG#01367556-a1d8-11f1-96fc-eeee0a992f5e.OPERATION#flowable-async-job-executor-thread-5778#
[RestartAppStep] Application start timeout is default one: 3,600 seconds#
#2026 08 27 05:34:34.439#Z#DEBUG#01367556-a1d8-11f1-96fc-eeee0a992f5e.OPERATION#flowable-async-job-executor-thread-5778#
[RestartAppStep] Checking status of application "projectmanager-backend"...#
#2026 08 27 05:34:34.441#Z#DEBUG#01367556-a1d8-11f1-96fc-eeee0a992f5e.OPERATION#flowable-async-job-executor-thread-5778#
[RestartAppStep] Getting instances for application "projectmanager-backend"...#
#2026 08 27 05:34:34.536#Z#DEBUG#01367556-a1d8-11f1-96fc-eeee0a992f5e.OPERATION#flowable-async-job-executor-thread-5778#
[RestartAppStep] Application "projectmanager-backend": 0 of 1 instances running (1 starting)#
#2026 08 27 05:34:34.622#Z#DEBUG#01367556-a1d8-11f1-96fc-eeee0a992f5e.OPERATION#flowable-async-job-executor-thread-5778#
Step "Start App" finished#
#2026 08 27 05:34:44.358#Z#DEBUG#01367556-a1d8-11f1-96fc-eeee0a992f5e.OPERATION#flowable-async-job-executor-thread-7394#
[RestartAppStep] Executing task "startAppTask" of process "fc7d8bcc-a1d8-11f1-8fa9-eeee0a8d23d1"...#
#2026 08 27 05:34:44.360#Z#DEBUG#01367556-a1d8-11f1-96fc-eeee0a992f5e.OPERATION#flowable-async-job-executor-thread-7394#
[RestartAppStep] Application start timeout is default one: 3,600 seconds#
#2026 08 27 05:34:44.361#Z#DEBUG#01367556-a1d8-11f1-96fc-eeee0a992f5e.OPERATION#flowable-async-job-executor-thread-7394#
[RestartAppStep] Checking status of application "projectmanager-backend"...#
#2026 08 27 05:34:44.363#Z#DEBUG#01367556-a1d8-11f1-96fc-eeee0a992f5e.OPERATION#flowable-async-job-executor-thread-7394#
[RestartAppStep] Getting instances for application "projectmanager-backend"...#
#2026 08 27 05:34:44.438#Z#DEBUG#01367556-a1d8-11f1-96fc-eeee0a992f5e.OPERATION#flowable-async-job-executor-thread-7394#
[RestartAppStep] Application "projectmanager-backend": 0 of 1 instances running (1 starting)#
#2026 08 27 05:34:44.492#Z#DEBUG#01367556-a1d8-11f1-96fc-eeee0a992f5e.OPERATION#flowable-async-job-executor-thread-7394#
Step "Start App" finished#
#2026 08 27 05:34:54.363#Z#DEBUG#01367556-a1d8-11f1-96fc-eeee0a992f5e.OPERATION#flowable-async-job-executor-thread-7396#
[RestartAppStep] Executing task "startAppTask" of process "025f4881-a1d9-11f1-96fc-eeee0a992f5e"...#
#2026 08 27 05:34:54.366#Z#DEBUG#01367556-a1d8-11f1-96fc-eeee0a992f5e.OPERATION#flowable-async-job-executor-thread-7396#
[RestartAppStep] Application start timeout is default one: 3,600 seconds#
#2026 08 27 05:34:54.367#Z#DEBUG#01367556-a1d8-11f1-96fc-eeee0a992f5e.OPERATION#flowable-async-job-executor-thread-7396#
[RestartAppStep] Checking status of application "projectmanager-backend"...#
#2026 08 27 05:34:54.368#Z#DEBUG#01367556-a1d8-11f1-96fc-eeee0a992f5e.OPERATION#flowable-async-job-executor-thread-7396#
[RestartAppStep] Getting instances for application "projectmanager-backend"...#
#2026 08 27 05:34:54.469#Z#DEBUG#01367556-a1d8-11f1-96fc-eeee0a992f5e.OPERATION#flowable-async-job-executor-thread-7396#
[RestartAppStep] Application "projectmanager-backend": 0 of 1 instances running (1 starting)#
#2026 08 27 05:34:54.550#Z#DEBUG#01367556-a1d8-11f1-96fc-eeee0a992f5e.OPERATION#flowable-async-job-executor-thread-7396#
Step "Start App" finished#
#2026 08 27 05:35:04.372#Z#DEBUG#01367556-a1d8-11f1-96fc-eeee0a992f5e.OPERATION#flowable-async-job-executor-thread-7398#
[RestartAppStep] Executing task "startAppTask" of process "085e032e-a1d9-11f1-96fc-eeee0a992f5e"...#
#2026 08 27 05:35:04.375#Z#DEBUG#01367556-a1d8-11f1-96fc-eeee0a992f5e.OPERATION#flowable-async-job-executor-thread-7398#
[RestartAppStep] Application start timeout is default one: 3,600 seconds#
#2026 08 27 05:35:04.377#Z#DEBUG#01367556-a1d8-11f1-96fc-eeee0a992f5e.OPERATION#flowable-async-job-executor-thread-7398#
[RestartAppStep] Checking status of application "projectmanager-backend"...#
#2026 08 27 05:35:04.378#Z#DEBUG#01367556-a1d8-11f1-96fc-eeee0a992f5e.OPERATION#flowable-async-job-executor-thread-7398#
[RestartAppStep] Getting instances for application "projectmanager-backend"...#
#2026 08 27 05:35:04.451#Z#DEBUG#01367556-a1d8-11f1-96fc-eeee0a992f5e.OPERATION#flowable-async-job-executor-thread-7398#
[RestartAppStep] Application "projectmanager-backend": 0 of 1 instances running (1 crashed)#
#2026 08 27 05:35:04.478#Z#ERROR#01367556-a1d8-11f1-96fc-eeee0a992f5e.OPERATION#flowable-async-job-executor-thread-7398#
[RestartAppStep] Error starting application "projectmanager-backend": Some instances have crashed. Check the application logs of your application for details.#
#2026 08 27 05:35:04.483#Z#INFO#01367556-a1d8-11f1-96fc-eeee0a992f5e.OPERATION#flowable-async-job-executor-thread-7398#
[RestartAppStep] Download the MTA operation logs for more details.#
#2026 08 27 05:35:04.488#Z#DEBUG#01367556-a1d8-11f1-96fc-eeee0a992f5e.OPERATION#flowable-async-job-executor-thread-7398#
Step "Start App" finished#
#2026 08 27 05:35:05.908#Z#DEBUG#01367556-a1d8-11f1-96fc-eeee0a992f5e.OPERATION#flowable-async-job-executor-thread-6937#
[RestartAppStep] Executing task "startAppTask" of process "085e032e-a1d9-11f1-96fc-eeee0a992f5e"...#
#2026 08 27 05:35:05.914#Z#DEBUG#01367556-a1d8-11f1-96fc-eeee0a992f5e.OPERATION#flowable-async-job-executor-thread-6937#
[RestartAppStep] Application start timeout is default one: 3,600 seconds#
#2026 08 27 05:35:05.931#Z#DEBUG#01367556-a1d8-11f1-96fc-eeee0a992f5e.OPERATION#flowable-async-job-executor-thread-6937#
[RestartAppStep] Getting application "projectmanager-backend"...#
#2026 08 27 05:35:06.013#Z#INFO#01367556-a1d8-11f1-96fc-eeee0a992f5e.OPERATION#flowable-async-job-executor-thread-6937#
[RestartAppStep] Stopping application "projectmanager-backend"...#
#2026 08 27 05:35:06.019#Z#DEBUG#01367556-a1d8-11f1-96fc-eeee0a992f5e.OPERATION#flowable-async-job-executor-thread-6937#
[RestartAppStep] Stopping application "projectmanager-backend"...#
#2026 08 27 05:35:06.178#Z#INFO#01367556-a1d8-11f1-96fc-eeee0a992f5e.OPERATION#flowable-async-job-executor-thread-6937#
[RestartAppStep] Starting application "projectmanager-backend"...#
#2026 08 27 05:35:06.184#Z#DEBUG#01367556-a1d8-11f1-96fc-eeee0a992f5e.OPERATION#flowable-async-job-executor-thread-6937#
[RestartAppStep] Starting application "projectmanager-backend"...#
#2026 08 27 05:35:06.645#Z#DEBUG#01367556-a1d8-11f1-96fc-eeee0a992f5e.OPERATION#flowable-async-job-executor-thread-6937#
Step "Start App" finished#
#2026 08 27 05:35:14.385#Z#DEBUG#01367556-a1d8-11f1-96fc-eeee0a992f5e.OPERATION#flowable-async-job-executor-thread-7400#
[RestartAppStep] Executing task "startAppTask" of process "0f93b743-a1d9-11f1-819c-eeee0a8541c1"...#
#2026 08 27 05:35:14.388#Z#DEBUG#01367556-a1d8-11f1-96fc-eeee0a992f5e.OPERATION#flowable-async-job-executor-thread-7400#
[RestartAppStep] Application start timeout is default one: 3,600 seconds#
#2026 08 27 05:35:14.483#Z#DEBUG#01367556-a1d8-11f1-96fc-eeee0a992f5e.OPERATION#flowable-async-job-executor-thread-7400#
[RestartAppStep] Checking status of application "projectmanager-backend"...#
#2026 08 27 05:35:14.484#Z#DEBUG#01367556-a1d8-11f1-96fc-eeee0a992f5e.OPERATION#flowable-async-job-executor-thread-7400#
[RestartAppStep] Getting instances for application "projectmanager-backend"...#
#2026 08 27 05:35:14.585#Z#DEBUG#01367556-a1d8-11f1-96fc-eeee0a992f5e.OPERATION#flowable-async-job-executor-thread-7400#
[RestartAppStep] Application "projectmanager-backend": 0 of 1 instances running (1 starting)#
#2026 08 27 05:35:14.618#Z#DEBUG#01367556-a1d8-11f1-96fc-eeee0a992f5e.OPERATION#flowable-async-job-executor-thread-7400#
Step "Start App" finished#
#2026 08 27 05:35:24.398#Z#DEBUG#01367556-a1d8-11f1-96fc-eeee0a992f5e.OPERATION#flowable-async-job-executor-thread-7402#
[RestartAppStep] Executing task "startAppTask" of process "14544c90-a1d9-11f1-96fc-eeee0a992f5e"...#
#2026 08 27 05:35:24.401#Z#DEBUG#01367556-a1d8-11f1-96fc-eeee0a992f5e.OPERATION#flowable-async-job-executor-thread-7402#
[RestartAppStep] Application start timeout is default one: 3,600 seconds#
#2026 08 27 05:35:24.402#Z#DEBUG#01367556-a1d8-11f1-96fc-eeee0a992f5e.OPERATION#flowable-async-job-executor-thread-7402#
[RestartAppStep] Checking status of application "projectmanager-backend"...#
#2026 08 27 05:35:24.403#Z#DEBUG#01367556-a1d8-11f1-96fc-eeee0a992f5e.OPERATION#flowable-async-job-executor-thread-7402#
[RestartAppStep] Getting instances for application "projectmanager-backend"...#
#2026 08 27 05:35:24.474#Z#DEBUG#01367556-a1d8-11f1-96fc-eeee0a992f5e.OPERATION#flowable-async-job-executor-thread-7402#
[RestartAppStep] Application "projectmanager-backend": 0 of 1 instances running (1 starting)#
#2026 08 27 05:35:24.507#Z#DEBUG#01367556-a1d8-11f1-96fc-eeee0a992f5e.OPERATION#flowable-async-job-executor-thread-7402#
Step "Start App" finished#
#2026 08 27 05:35:34.408#Z#DEBUG#01367556-a1d8-11f1-96fc-eeee0a992f5e.OPERATION#flowable-async-job-executor-thread-5780#
[RestartAppStep] Executing task "startAppTask" of process "1a393dad-a1d9-11f1-96fc-eeee0a992f5e"...#
#2026 08 27 05:35:34.412#Z#DEBUG#01367556-a1d8-11f1-96fc-eeee0a992f5e.OPERATION#flowable-async-job-executor-thread-5780#
[RestartAppStep] Application start timeout is default one: 3,600 seconds#
#2026 08 27 05:35:34.413#Z#DEBUG#01367556-a1d8-11f1-96fc-eeee0a992f5e.OPERATION#flowable-async-job-executor-thread-5780#
[RestartAppStep] Checking status of application "projectmanager-backend"...#
#2026 08 27 05:35:34.415#Z#DEBUG#01367556-a1d8-11f1-96fc-eeee0a992f5e.OPERATION#flowable-async-job-executor-thread-5780#
[RestartAppStep] Getting instances for application "projectmanager-backend"...#
#2026 08 27 05:35:34.490#Z#DEBUG#01367556-a1d8-11f1-96fc-eeee0a992f5e.OPERATION#flowable-async-job-executor-thread-5780#
[RestartAppStep] Application "projectmanager-backend": 0 of 1 instances running (1 starting)#
#2026 08 27 05:35:34.523#Z#DEBUG#01367556-a1d8-11f1-96fc-eeee0a992f5e.OPERATION#flowable-async-job-executor-thread-5780#
Step "Start App" finished#
#2026 08 27 05:35:44.417#Z#DEBUG#01367556-a1d8-11f1-96fc-eeee0a992f5e.OPERATION#flowable-async-job-executor-thread-5782#
[RestartAppStep] Executing task "startAppTask" of process "2031b6a9-a1d9-11f1-8fa9-eeee0a8d23d1"...#
#2026 08 27 05:35:44.420#Z#DEBUG#01367556-a1d8-11f1-96fc-eeee0a992f5e.OPERATION#flowable-async-job-executor-thread-5782#
[RestartAppStep] Application start timeout is default one: 3,600 seconds#
#2026 08 27 05:35:44.422#Z#DEBUG#01367556-a1d8-11f1-96fc-eeee0a992f5e.OPERATION#flowable-async-job-executor-thread-5782#
[RestartAppStep] Checking status of application "projectmanager-backend"...#
#2026 08 27 05:35:44.423#Z#DEBUG#01367556-a1d8-11f1-96fc-eeee0a992f5e.OPERATION#flowable-async-job-executor-thread-5782#
[RestartAppStep] Getting instances for application "projectmanager-backend"...#
#2026 08 27 05:35:44.485#Z#DEBUG#01367556-a1d8-11f1-96fc-eeee0a992f5e.OPERATION#flowable-async-job-executor-thread-5782#
[RestartAppStep] Application "projectmanager-backend": 0 of 1 instances running (1 starting)#
#2026 08 27 05:35:44.555#Z#DEBUG#01367556-a1d8-11f1-96fc-eeee0a992f5e.OPERATION#flowable-async-job-executor-thread-5782#
Step "Start App" finished#
#2026 08 27 05:35:54.425#Z#DEBUG#01367556-a1d8-11f1-96fc-eeee0a992f5e.OPERATION#flowable-async-job-executor-thread-5784#
[RestartAppStep] Executing task "startAppTask" of process "262c79b6-a1d9-11f1-8fa9-eeee0a8d23d1"...#
#2026 08 27 05:35:54.429#Z#DEBUG#01367556-a1d8-11f1-96fc-eeee0a992f5e.OPERATION#flowable-async-job-executor-thread-5784#
[RestartAppStep] Application start timeout is default one: 3,600 seconds#
#2026 08 27 05:35:54.430#Z#DEBUG#01367556-a1d8-11f1-96fc-eeee0a992f5e.OPERATION#flowable-async-job-executor-thread-5784#
[RestartAppStep] Checking status of application "projectmanager-backend"...#
#2026 08 27 05:35:54.431#Z#DEBUG#01367556-a1d8-11f1-96fc-eeee0a992f5e.OPERATION#flowable-async-job-executor-thread-5784#
[RestartAppStep] Getting instances for application "projectmanager-backend"...#
#2026 08 27 05:35:54.515#Z#DEBUG#01367556-a1d8-11f1-96fc-eeee0a992f5e.OPERATION#flowable-async-job-executor-thread-5784#
[RestartAppStep] Application "projectmanager-backend": 0 of 1 instances running (1 starting)#
#2026 08 27 05:35:54.604#Z#DEBUG#01367556-a1d8-11f1-96fc-eeee0a992f5e.OPERATION#flowable-async-job-executor-thread-5784#
Step "Start App" finished#
#2026 08 27 05:36:04.437#Z#DEBUG#01367556-a1d8-11f1-96fc-eeee0a992f5e.OPERATION#flowable-async-job-executor-thread-5786#
[RestartAppStep] Executing task "startAppTask" of process "2c29d4d3-a1d9-11f1-8fa9-eeee0a8d23d1"...#
#2026 08 27 05:36:04.441#Z#DEBUG#01367556-a1d8-11f1-96fc-eeee0a992f5e.OPERATION#flowable-async-job-executor-thread-5786#
[RestartAppStep] Application start timeout is default one: 3,600 seconds#
#2026 08 27 05:36:04.442#Z#DEBUG#01367556-a1d8-11f1-96fc-eeee0a992f5e.OPERATION#flowable-async-job-executor-thread-5786#
[RestartAppStep] Checking status of application "projectmanager-backend"...#
#2026 08 27 05:36:04.443#Z#DEBUG#01367556-a1d8-11f1-96fc-eeee0a992f5e.OPERATION#flowable-async-job-executor-thread-5786#
[RestartAppStep] Getting instances for application "projectmanager-backend"...#
#2026 08 27 05:36:04.512#Z#DEBUG#01367556-a1d8-11f1-96fc-eeee0a992f5e.OPERATION#flowable-async-job-executor-thread-5786#
[RestartAppStep] Application "projectmanager-backend": 0 of 1 instances running (1 starting)#
#2026 08 27 05:36:04.544#Z#DEBUG#01367556-a1d8-11f1-96fc-eeee0a992f5e.OPERATION#flowable-async-job-executor-thread-5786#
Step "Start App" finished#
#2026 08 27 05:36:14.462#Z#DEBUG#01367556-a1d8-11f1-96fc-eeee0a992f5e.OPERATION#flowable-async-job-executor-thread-5788#
[RestartAppStep] Executing task "startAppTask" of process "32168e20-a1d9-11f1-8fa9-eeee0a8d23d1"...#
#2026 08 27 05:36:14.466#Z#DEBUG#01367556-a1d8-11f1-96fc-eeee0a992f5e.OPERATION#flowable-async-job-executor-thread-5788#
[RestartAppStep] Application start timeout is default one: 3,600 seconds#
#2026 08 27 05:36:14.467#Z#DEBUG#01367556-a1d8-11f1-96fc-eeee0a992f5e.OPERATION#flowable-async-job-executor-thread-5788#
[RestartAppStep] Checking status of application "projectmanager-backend"...#
#2026 08 27 05:36:14.469#Z#DEBUG#01367556-a1d8-11f1-96fc-eeee0a992f5e.OPERATION#flowable-async-job-executor-thread-5788#
[RestartAppStep] Getting instances for application "projectmanager-backend"...#
#2026 08 27 05:36:14.524#Z#DEBUG#01367556-a1d8-11f1-96fc-eeee0a992f5e.OPERATION#flowable-async-job-executor-thread-5788#
[RestartAppStep] Application "projectmanager-backend": 0 of 1 instances running (1 starting)#
#2026 08 27 05:36:14.566#Z#DEBUG#01367556-a1d8-11f1-96fc-eeee0a992f5e.OPERATION#flowable-async-job-executor-thread-5788#
Step "Start App" finished#
#2026 08 27 05:36:24.462#Z#DEBUG#01367556-a1d8-11f1-96fc-eeee0a992f5e.OPERATION#flowable-async-job-executor-thread-5790#
[RestartAppStep] Executing task "startAppTask" of process "380fca8d-a1d9-11f1-8fa9-eeee0a8d23d1"...#
#2026 08 27 05:36:24.466#Z#DEBUG#01367556-a1d8-11f1-96fc-eeee0a992f5e.OPERATION#flowable-async-job-executor-thread-5790#
[RestartAppStep] Application start timeout is default one: 3,600 seconds#
#2026 08 27 05:36:24.468#Z#DEBUG#01367556-a1d8-11f1-96fc-eeee0a992f5e.OPERATION#flowable-async-job-executor-thread-5790#
[RestartAppStep] Checking status of application "projectmanager-backend"...#
#2026 08 27 05:36:24.470#Z#DEBUG#01367556-a1d8-11f1-96fc-eeee0a992f5e.OPERATION#flowable-async-job-executor-thread-5790#
[RestartAppStep] Getting instances for application "projectmanager-backend"...#
#2026 08 27 05:36:24.527#Z#DEBUG#01367556-a1d8-11f1-96fc-eeee0a992f5e.OPERATION#flowable-async-job-executor-thread-5790#
[RestartAppStep] Application "projectmanager-backend": 0 of 1 instances running (1 starting)#
#2026 08 27 05:36:24.596#Z#DEBUG#01367556-a1d8-11f1-96fc-eeee0a992f5e.OPERATION#flowable-async-job-executor-thread-5790#
Step "Start App" finished#
#2026 08 27 05:36:34.472#Z#DEBUG#01367556-a1d8-11f1-96fc-eeee0a992f5e.OPERATION#flowable-async-job-executor-thread-5792#
[RestartAppStep] Executing task "startAppTask" of process "3e0a3f7a-a1d9-11f1-8fa9-eeee0a8d23d1"...#
#2026 08 27 05:36:34.475#Z#DEBUG#01367556-a1d8-11f1-96fc-eeee0a992f5e.OPERATION#flowable-async-job-executor-thread-5792#
[RestartAppStep] Application start timeout is default one: 3,600 seconds#
#2026 08 27 05:36:34.477#Z#DEBUG#01367556-a1d8-11f1-96fc-eeee0a992f5e.OPERATION#flowable-async-job-executor-thread-5792#
[RestartAppStep] Checking status of application "projectmanager-backend"...#
#2026 08 27 05:36:34.478#Z#DEBUG#01367556-a1d8-11f1-96fc-eeee0a992f5e.OPERATION#flowable-async-job-executor-thread-5792#
[RestartAppStep] Getting instances for application "projectmanager-backend"...#
#2026 08 27 05:36:34.549#Z#DEBUG#01367556-a1d8-11f1-96fc-eeee0a992f5e.OPERATION#flowable-async-job-executor-thread-5792#
[RestartAppStep] Application "projectmanager-backend": 0 of 1 instances running (1 starting)#
#2026 08 27 05:36:34.618#Z#DEBUG#01367556-a1d8-11f1-96fc-eeee0a992f5e.OPERATION#flowable-async-job-executor-thread-5792#
Step "Start App" finished#
#2026 08 27 05:36:44.484#Z#DEBUG#01367556-a1d8-11f1-96fc-eeee0a992f5e.OPERATION#flowable-async-job-executor-thread-5794#
[RestartAppStep] Executing task "startAppTask" of process "44037be7-a1d9-11f1-8fa9-eeee0a8d23d1"...#
#2026 08 27 05:36:44.488#Z#DEBUG#01367556-a1d8-11f1-96fc-eeee0a992f5e.OPERATION#flowable-async-job-executor-thread-5794#
[RestartAppStep] Application start timeout is default one: 3,600 seconds#
#2026 08 27 05:36:44.490#Z#DEBUG#01367556-a1d8-11f1-96fc-eeee0a992f5e.OPERATION#flowable-async-job-executor-thread-5794#
[RestartAppStep] Checking status of application "projectmanager-backend"...#
#2026 08 27 05:36:44.491#Z#DEBUG#01367556-a1d8-11f1-96fc-eeee0a992f5e.OPERATION#flowable-async-job-executor-thread-5794#
[RestartAppStep] Getting instances for application "projectmanager-backend"...#
#2026 08 27 05:36:44.587#Z#DEBUG#01367556-a1d8-11f1-96fc-eeee0a992f5e.OPERATION#flowable-async-job-executor-thread-5794#
[RestartAppStep] Application "projectmanager-backend": 0 of 1 instances running (1 starting)#
#2026 08 27 05:36:44.647#Z#DEBUG#01367556-a1d8-11f1-96fc-eeee0a992f5e.OPERATION#flowable-async-job-executor-thread-5794#
Step "Start App" finished#
#2026 08 27 05:36:54.492#Z#DEBUG#01367556-a1d8-11f1-96fc-eeee0a992f5e.OPERATION#flowable-async-job-executor-thread-5796#
[RestartAppStep] Executing task "startAppTask" of process "49fdc9c4-a1d9-11f1-8fa9-eeee0a8d23d1"...#
#2026 08 27 05:36:54.495#Z#DEBUG#01367556-a1d8-11f1-96fc-eeee0a992f5e.OPERATION#flowable-async-job-executor-thread-5796#
[RestartAppStep] Application start timeout is default one: 3,600 seconds#
#2026 08 27 05:36:54.497#Z#DEBUG#01367556-a1d8-11f1-96fc-eeee0a992f5e.OPERATION#flowable-async-job-executor-thread-5796#
[RestartAppStep] Checking status of application "projectmanager-backend"...#
#2026 08 27 05:36:54.498#Z#DEBUG#01367556-a1d8-11f1-96fc-eeee0a992f5e.OPERATION#flowable-async-job-executor-thread-5796#
[RestartAppStep] Getting instances for application "projectmanager-backend"...#
#2026 08 27 05:36:54.575#Z#DEBUG#01367556-a1d8-11f1-96fc-eeee0a992f5e.OPERATION#flowable-async-job-executor-thread-5796#
[RestartAppStep] Application "projectmanager-backend": 0 of 1 instances running (1 starting)#
#2026 08 27 05:36:54.610#Z#DEBUG#01367556-a1d8-11f1-96fc-eeee0a992f5e.OPERATION#flowable-async-job-executor-thread-5796#
Step "Start App" finished#
#2026 08 27 05:37:04.501#Z#DEBUG#01367556-a1d8-11f1-96fc-eeee0a992f5e.OPERATION#flowable-async-job-executor-thread-5798#
[RestartAppStep] Executing task "startAppTask" of process "4fee53a1-a1d9-11f1-8fa9-eeee0a8d23d1"...#
#2026 08 27 05:37:04.506#Z#DEBUG#01367556-a1d8-11f1-96fc-eeee0a992f5e.OPERATION#flowable-async-job-executor-thread-5798#
[RestartAppStep] Application start timeout is default one: 3,600 seconds#
#2026 08 27 05:37:04.507#Z#DEBUG#01367556-a1d8-11f1-96fc-eeee0a992f5e.OPERATION#flowable-async-job-executor-thread-5798#
[RestartAppStep] Checking status of application "projectmanager-backend"...#
#2026 08 27 05:37:04.509#Z#DEBUG#01367556-a1d8-11f1-96fc-eeee0a992f5e.OPERATION#flowable-async-job-executor-thread-5798#
[RestartAppStep] Getting instances for application "projectmanager-backend"...#
#2026 08 27 05:37:04.601#Z#DEBUG#01367556-a1d8-11f1-96fc-eeee0a992f5e.OPERATION#flowable-async-job-executor-thread-5798#
[RestartAppStep] Application "projectmanager-backend": 0 of 1 instances running (1 starting)#
#2026 08 27 05:37:04.633#Z#DEBUG#01367556-a1d8-11f1-96fc-eeee0a992f5e.OPERATION#flowable-async-job-executor-thread-5798#
Step "Start App" finished#
#2026 08 27 05:37:14.507#Z#DEBUG#01367556-a1d8-11f1-96fc-eeee0a992f5e.OPERATION#flowable-async-job-executor-thread-5800#
[RestartAppStep] Executing task "startAppTask" of process "55e741ee-a1d9-11f1-8fa9-eeee0a8d23d1"...#
#2026 08 27 05:37:14.511#Z#DEBUG#01367556-a1d8-11f1-96fc-eeee0a992f5e.OPERATION#flowable-async-job-executor-thread-5800#
[RestartAppStep] Application start timeout is default one: 3,600 seconds#
#2026 08 27 05:37:14.512#Z#DEBUG#01367556-a1d8-11f1-96fc-eeee0a992f5e.OPERATION#flowable-async-job-executor-thread-5800#
[RestartAppStep] Checking status of application "projectmanager-backend"...#
#2026 08 27 05:37:14.514#Z#DEBUG#01367556-a1d8-11f1-96fc-eeee0a992f5e.OPERATION#flowable-async-job-executor-thread-5800#
[RestartAppStep] Getting instances for application "projectmanager-backend"...#
#2026 08 27 05:37:14.570#Z#DEBUG#01367556-a1d8-11f1-96fc-eeee0a992f5e.OPERATION#flowable-async-job-executor-thread-5800#
[RestartAppStep] Application "projectmanager-backend": 0 of 1 instances running (1 starting)#
#2026 08 27 05:37:14.602#Z#DEBUG#01367556-a1d8-11f1-96fc-eeee0a992f5e.OPERATION#flowable-async-job-executor-thread-5800#
Step "Start App" finished#
#2026 08 27 05:37:24.516#Z#DEBUG#01367556-a1d8-11f1-96fc-eeee0a992f5e.OPERATION#flowable-async-job-executor-thread-5802#
[RestartAppStep] Executing task "startAppTask" of process "5bd8670b-a1d9-11f1-8fa9-eeee0a8d23d1"...#
#2026 08 27 05:37:24.519#Z#DEBUG#01367556-a1d8-11f1-96fc-eeee0a992f5e.OPERATION#flowable-async-job-executor-thread-5802#
[RestartAppStep] Application start timeout is default one: 3,600 seconds#
#2026 08 27 05:37:24.521#Z#DEBUG#01367556-a1d8-11f1-96fc-eeee0a992f5e.OPERATION#flowable-async-job-executor-thread-5802#
[RestartAppStep] Checking status of application "projectmanager-backend"...#
#2026 08 27 05:37:24.523#Z#DEBUG#01367556-a1d8-11f1-96fc-eeee0a992f5e.OPERATION#flowable-async-job-executor-thread-5802#
[RestartAppStep] Getting instances for application "projectmanager-backend"...#
#2026 08 27 05:37:24.581#Z#DEBUG#01367556-a1d8-11f1-96fc-eeee0a992f5e.OPERATION#flowable-async-job-executor-thread-5802#
[RestartAppStep] Application "projectmanager-backend": 0 of 1 instances running (1 starting)#
#2026 08 27 05:37:24.624#Z#DEBUG#01367556-a1d8-11f1-96fc-eeee0a992f5e.OPERATION#flowable-async-job-executor-thread-5802#
Step "Start App" finished#
#2026 08 27 05:37:34.523#Z#DEBUG#01367556-a1d8-11f1-96fc-eeee0a992f5e.OPERATION#flowable-async-job-executor-thread-5804#
[RestartAppStep] Executing task "startAppTask" of process "61d1ca88-a1d9-11f1-8fa9-eeee0a8d23d1"...#
#2026 08 27 05:37:34.527#Z#DEBUG#01367556-a1d8-11f1-96fc-eeee0a992f5e.OPERATION#flowable-async-job-executor-thread-5804#
[RestartAppStep] Application start timeout is default one: 3,600 seconds#
#2026 08 27 05:37:34.529#Z#DEBUG#01367556-a1d8-11f1-96fc-eeee0a992f5e.OPERATION#flowable-async-job-executor-thread-5804#
[RestartAppStep] Checking status of application "projectmanager-backend"...#
#2026 08 27 05:37:34.530#Z#DEBUG#01367556-a1d8-11f1-96fc-eeee0a992f5e.OPERATION#flowable-async-job-executor-thread-5804#
[RestartAppStep] Getting instances for application "projectmanager-backend"...#
#2026 08 27 05:37:34.613#Z#DEBUG#01367556-a1d8-11f1-96fc-eeee0a992f5e.OPERATION#flowable-async-job-executor-thread-5804#
[RestartAppStep] Application "projectmanager-backend": 0 of 1 instances running (1 starting)#
#2026 08 27 05:37:34.685#Z#DEBUG#01367556-a1d8-11f1-96fc-eeee0a992f5e.OPERATION#flowable-async-job-executor-thread-5804#
Step "Start App" finished#
#2026 08 27 05:37:44.533#Z#DEBUG#01367556-a1d8-11f1-96fc-eeee0a992f5e.OPERATION#flowable-async-job-executor-thread-5806#
[RestartAppStep] Executing task "startAppTask" of process "67d0fa65-a1d9-11f1-8fa9-eeee0a8d23d1"...#
#2026 08 27 05:37:44.537#Z#DEBUG#01367556-a1d8-11f1-96fc-eeee0a992f5e.OPERATION#flowable-async-job-executor-thread-5806#
[RestartAppStep] Application start timeout is default one: 3,600 seconds#
#2026 08 27 05:37:44.539#Z#DEBUG#01367556-a1d8-11f1-96fc-eeee0a992f5e.OPERATION#flowable-async-job-executor-thread-5806#
[RestartAppStep] Checking status of application "projectmanager-backend"...#
#2026 08 27 05:37:44.541#Z#DEBUG#01367556-a1d8-11f1-96fc-eeee0a992f5e.OPERATION#flowable-async-job-executor-thread-5806#
[RestartAppStep] Getting instances for application "projectmanager-backend"...#
#2026 08 27 05:37:44.617#Z#DEBUG#01367556-a1d8-11f1-96fc-eeee0a992f5e.OPERATION#flowable-async-job-executor-thread-5806#
[RestartAppStep] Application "projectmanager-backend": 0 of 1 instances running (1 starting)#
#2026 08 27 05:37:44.651#Z#DEBUG#01367556-a1d8-11f1-96fc-eeee0a992f5e.OPERATION#flowable-async-job-executor-thread-5806#
Step "Start App" finished#
#2026 08 27 05:37:54.543#Z#DEBUG#01367556-a1d8-11f1-96fc-eeee0a992f5e.OPERATION#flowable-async-job-executor-thread-5808#
[RestartAppStep] Executing task "startAppTask" of process "6dc18442-a1d9-11f1-8fa9-eeee0a8d23d1"...#
#2026 08 27 05:37:54.546#Z#DEBUG#01367556-a1d8-11f1-96fc-eeee0a992f5e.OPERATION#flowable-async-job-executor-thread-5808#
[RestartAppStep] Application start timeout is default one: 3,600 seconds#
#2026 08 27 05:37:54.548#Z#DEBUG#01367556-a1d8-11f1-96fc-eeee0a992f5e.OPERATION#flowable-async-job-executor-thread-5808#
[RestartAppStep] Checking status of application "projectmanager-backend"...#
#2026 08 27 05:37:54.550#Z#DEBUG#01367556-a1d8-11f1-96fc-eeee0a992f5e.OPERATION#flowable-async-job-executor-thread-5808#
[RestartAppStep] Getting instances for application "projectmanager-backend"...#
#2026 08 27 05:37:54.623#Z#DEBUG#01367556-a1d8-11f1-96fc-eeee0a992f5e.OPERATION#flowable-async-job-executor-thread-5808#
[RestartAppStep] Application "projectmanager-backend": 0 of 1 instances running (1 starting)#
#2026 08 27 05:37:54.656#Z#DEBUG#01367556-a1d8-11f1-96fc-eeee0a992f5e.OPERATION#flowable-async-job-executor-thread-5808#
Step "Start App" finished#
#2026 08 27 05:38:04.549#Z#DEBUG#01367556-a1d8-11f1-96fc-eeee0a992f5e.OPERATION#flowable-async-job-executor-thread-5810#
[RestartAppStep] Executing task "startAppTask" of process "73b8289f-a1d9-11f1-8fa9-eeee0a8d23d1"...#
#2026 08 27 05:38:04.553#Z#DEBUG#01367556-a1d8-11f1-96fc-eeee0a992f5e.OPERATION#flowable-async-job-executor-thread-5810#
[RestartAppStep] Application start timeout is default one: 3,600 seconds#
#2026 08 27 05:38:04.555#Z#DEBUG#01367556-a1d8-11f1-96fc-eeee0a992f5e.OPERATION#flowable-async-job-executor-thread-5810#
[RestartAppStep] Checking status of application "projectmanager-backend"...#
#2026 08 27 05:38:04.556#Z#DEBUG#01367556-a1d8-11f1-96fc-eeee0a992f5e.OPERATION#flowable-async-job-executor-thread-5810#
[RestartAppStep] Getting instances for application "projectmanager-backend"...#
#2026 08 27 05:38:04.640#Z#DEBUG#01367556-a1d8-11f1-96fc-eeee0a992f5e.OPERATION#flowable-async-job-executor-thread-5810#
[RestartAppStep] Application "projectmanager-backend": 0 of 1 instances running (1 starting)#
#2026 08 27 05:38:04.670#Z#DEBUG#01367556-a1d8-11f1-96fc-eeee0a992f5e.OPERATION#flowable-async-job-executor-thread-5810#
Step "Start App" finished#
#2026 08 27 05:38:14.564#Z#DEBUG#01367556-a1d8-11f1-96fc-eeee0a992f5e.OPERATION#flowable-async-job-executor-thread-5812#
[RestartAppStep] Executing task "startAppTask" of process "79b02c8c-a1d9-11f1-8fa9-eeee0a8d23d1"...#
#2026 08 27 05:38:14.568#Z#DEBUG#01367556-a1d8-11f1-96fc-eeee0a992f5e.OPERATION#flowable-async-job-executor-thread-5812#
[RestartAppStep] Application start timeout is default one: 3,600 seconds#
#2026 08 27 05:38:14.570#Z#DEBUG#01367556-a1d8-11f1-96fc-eeee0a992f5e.OPERATION#flowable-async-job-executor-thread-5812#
[RestartAppStep] Checking status of application "projectmanager-backend"...#
#2026 08 27 05:38:14.571#Z#DEBUG#01367556-a1d8-11f1-96fc-eeee0a992f5e.OPERATION#flowable-async-job-executor-thread-5812#
[RestartAppStep] Getting instances for application "projectmanager-backend"...#
#2026 08 27 05:38:14.642#Z#DEBUG#01367556-a1d8-11f1-96fc-eeee0a992f5e.OPERATION#flowable-async-job-executor-thread-5812#
[RestartAppStep] Application "projectmanager-backend": 0 of 1 instances running (1 starting)#
#2026 08 27 05:38:14.700#Z#DEBUG#01367556-a1d8-11f1-96fc-eeee0a992f5e.OPERATION#flowable-async-job-executor-thread-5812#
Step "Start App" finished#
#2026 08 27 05:38:24.568#Z#DEBUG#01367556-a1d8-11f1-96fc-eeee0a992f5e.OPERATION#flowable-async-job-executor-thread-5814#
[RestartAppStep] Executing task "startAppTask" of process "7faaa179-a1d9-11f1-8fa9-eeee0a8d23d1"...#
#2026 08 27 05:38:24.572#Z#DEBUG#01367556-a1d8-11f1-96fc-eeee0a992f5e.OPERATION#flowable-async-job-executor-thread-5814#
[RestartAppStep] Application start timeout is default one: 3,600 seconds#
#2026 08 27 05:38:24.574#Z#DEBUG#01367556-a1d8-11f1-96fc-eeee0a992f5e.OPERATION#flowable-async-job-executor-thread-5814#
[RestartAppStep] Checking status of application "projectmanager-backend"...#
#2026 08 27 05:38:24.575#Z#DEBUG#01367556-a1d8-11f1-96fc-eeee0a992f5e.OPERATION#flowable-async-job-executor-thread-5814#
[RestartAppStep] Getting instances for application "projectmanager-backend"...#
#2026 08 27 05:38:24.691#Z#DEBUG#01367556-a1d8-11f1-96fc-eeee0a992f5e.OPERATION#flowable-async-job-executor-thread-5814#
[RestartAppStep] Application "projectmanager-backend": 0 of 1 instances running (1 starting)#
#2026 08 27 05:38:24.758#Z#DEBUG#01367556-a1d8-11f1-96fc-eeee0a992f5e.OPERATION#flowable-async-job-executor-thread-5814#
Step "Start App" finished#
#2026 08 27 05:38:34.576#Z#DEBUG#01367556-a1d8-11f1-96fc-eeee0a992f5e.OPERATION#flowable-async-job-executor-thread-5816#
[RestartAppStep] Executing task "startAppTask" of process "85a95c26-a1d9-11f1-8fa9-eeee0a8d23d1"...#
#2026 08 27 05:38:34.580#Z#DEBUG#01367556-a1d8-11f1-96fc-eeee0a992f5e.OPERATION#flowable-async-job-executor-thread-5816#
[RestartAppStep] Application start timeout is default one: 3,600 seconds#
#2026 08 27 05:38:34.582#Z#DEBUG#01367556-a1d8-11f1-96fc-eeee0a992f5e.OPERATION#flowable-async-job-executor-thread-5816#
[RestartAppStep] Checking status of application "projectmanager-backend"...#
#2026 08 27 05:38:34.583#Z#DEBUG#01367556-a1d8-11f1-96fc-eeee0a992f5e.OPERATION#flowable-async-job-executor-thread-5816#
[RestartAppStep] Getting instances for application "projectmanager-backend"...#
#2026 08 27 05:38:34.692#Z#DEBUG#01367556-a1d8-11f1-96fc-eeee0a992f5e.OPERATION#flowable-async-job-executor-thread-5816#
[RestartAppStep] Application "projectmanager-backend": 0 of 1 instances running (1 crashed)#
#2026 08 27 05:38:34.789#Z#ERROR#01367556-a1d8-11f1-96fc-eeee0a992f5e.OPERATION#flowable-async-job-executor-thread-5816#
[RestartAppStep] Error starting application "projectmanager-backend": Some instances have crashed. Check the application logs of your application for details.#
#2026 08 27 05:38:34.798#Z#INFO#01367556-a1d8-11f1-96fc-eeee0a992f5e.OPERATION#flowable-async-job-executor-thread-5816#
[RestartAppStep] Download the MTA operation logs for more details.#
#2026 08 27 05:38:34.806#Z#DEBUG#01367556-a1d8-11f1-96fc-eeee0a992f5e.OPERATION#flowable-async-job-executor-thread-5816#
Step "Start App" finished#
#2026 08 27 05:38:36.722#Z#DEBUG#01367556-a1d8-11f1-96fc-eeee0a992f5e.OPERATION#flowable-async-job-executor-thread-6938#
[RestartAppStep] Executing task "startAppTask" of process "85a95c26-a1d9-11f1-8fa9-eeee0a8d23d1"...#
#2026 08 27 05:38:36.726#Z#DEBUG#01367556-a1d8-11f1-96fc-eeee0a992f5e.OPERATION#flowable-async-job-executor-thread-6938#
[RestartAppStep] Application start timeout is default one: 3,600 seconds#
#2026 08 27 05:38:36.736#Z#DEBUG#01367556-a1d8-11f1-96fc-eeee0a992f5e.OPERATION#flowable-async-job-executor-thread-6938#
[RestartAppStep] Getting application "projectmanager-backend"...#
#2026 08 27 05:38:36.772#Z#INFO#01367556-a1d8-11f1-96fc-eeee0a992f5e.OPERATION#flowable-async-job-executor-thread-6938#
[RestartAppStep] Stopping application "projectmanager-backend"...#
#2026 08 27 05:38:36.777#Z#DEBUG#01367556-a1d8-11f1-96fc-eeee0a992f5e.OPERATION#flowable-async-job-executor-thread-6938#
[RestartAppStep] Stopping application "projectmanager-backend"...#
#2026 08 27 05:38:36.941#Z#INFO#01367556-a1d8-11f1-96fc-eeee0a992f5e.OPERATION#flowable-async-job-executor-thread-6938#
[RestartAppStep] Starting application "projectmanager-backend"...#
#2026 08 27 05:38:36.946#Z#DEBUG#01367556-a1d8-11f1-96fc-eeee0a992f5e.OPERATION#flowable-async-job-executor-thread-6938#
[RestartAppStep] Starting application "projectmanager-backend"...#
#2026 08 27 05:38:37.271#Z#DEBUG#01367556-a1d8-11f1-96fc-eeee0a992f5e.OPERATION#flowable-async-job-executor-thread-6938#
Step "Start App" finished#
#2026 08 27 05:38:44.585#Z#DEBUG#01367556-a1d8-11f1-96fc-eeee0a992f5e.OPERATION#flowable-async-job-executor-thread-5818#
[RestartAppStep] Executing task "startAppTask" of process "8d1e634e-a1d9-11f1-819c-eeee0a8541c1"...#
#2026 08 27 05:38:44.588#Z#DEBUG#01367556-a1d8-11f1-96fc-eeee0a992f5e.OPERATION#flowable-async-job-executor-thread-5818#
[RestartAppStep] Application start timeout is default one: 3,600 seconds#
#2026 08 27 05:38:44.679#Z#DEBUG#01367556-a1d8-11f1-96fc-eeee0a992f5e.OPERATION#flowable-async-job-executor-thread-5818#
[RestartAppStep] Checking status of application "projectmanager-backend"...#
#2026 08 27 05:38:44.681#Z#DEBUG#01367556-a1d8-11f1-96fc-eeee0a992f5e.OPERATION#flowable-async-job-executor-thread-5818#
[RestartAppStep] Getting instances for application "projectmanager-backend"...#
#2026 08 27 05:38:44.783#Z#DEBUG#01367556-a1d8-11f1-96fc-eeee0a992f5e.OPERATION#flowable-async-job-executor-thread-5818#
[RestartAppStep] Application "projectmanager-backend": 0 of 1 instances running (1 starting)#
#2026 08 27 05:38:44.819#Z#DEBUG#01367556-a1d8-11f1-96fc-eeee0a992f5e.OPERATION#flowable-async-job-executor-thread-5818#
Step "Start App" finished#
#2026 08 27 05:38:54.598#Z#DEBUG#01367556-a1d8-11f1-96fc-eeee0a992f5e.OPERATION#flowable-async-job-executor-thread-5820#
[RestartAppStep] Executing task "startAppTask" of process "919e9418-a1d9-11f1-8fa9-eeee0a8d23d1"...#
#2026 08 27 05:38:54.602#Z#DEBUG#01367556-a1d8-11f1-96fc-eeee0a992f5e.OPERATION#flowable-async-job-executor-thread-5820#
[RestartAppStep] Application start timeout is default one: 3,600 seconds#
#2026 08 27 05:38:54.603#Z#DEBUG#01367556-a1d8-11f1-96fc-eeee0a992f5e.OPERATION#flowable-async-job-executor-thread-5820#
[RestartAppStep] Checking status of application "projectmanager-backend"...#
#2026 08 27 05:38:54.605#Z#DEBUG#01367556-a1d8-11f1-96fc-eeee0a992f5e.OPERATION#flowable-async-job-executor-thread-5820#
[RestartAppStep] Getting instances for application "projectmanager-backend"...#
#2026 08 27 05:38:54.691#Z#DEBUG#01367556-a1d8-11f1-96fc-eeee0a992f5e.OPERATION#flowable-async-job-executor-thread-5820#
[RestartAppStep] Application "projectmanager-backend": 0 of 1 instances running (1 starting)#
#2026 08 27 05:38:54.720#Z#DEBUG#01367556-a1d8-11f1-96fc-eeee0a992f5e.OPERATION#flowable-async-job-executor-thread-5820#
Step "Start App" finished#
#2026 08 27 05:39:04.602#Z#DEBUG#01367556-a1d8-11f1-96fc-eeee0a992f5e.OPERATION#flowable-async-job-executor-thread-5822#
[RestartAppStep] Executing task "startAppTask" of process "978532e5-a1d9-11f1-8fa9-eeee0a8d23d1"...#
#2026 08 27 05:39:04.606#Z#DEBUG#01367556-a1d8-11f1-96fc-eeee0a992f5e.OPERATION#flowable-async-job-executor-thread-5822#
[RestartAppStep] Application start timeout is default one: 3,600 seconds#
#2026 08 27 05:39:04.608#Z#DEBUG#01367556-a1d8-11f1-96fc-eeee0a992f5e.OPERATION#flowable-async-job-executor-thread-5822#
[RestartAppStep] Checking status of application "projectmanager-backend"...#
#2026 08 27 05:39:04.609#Z#DEBUG#01367556-a1d8-11f1-96fc-eeee0a992f5e.OPERATION#flowable-async-job-executor-thread-5822#
[RestartAppStep] Getting instances for application "projectmanager-backend"...#
#2026 08 27 05:39:04.691#Z#DEBUG#01367556-a1d8-11f1-96fc-eeee0a992f5e.OPERATION#flowable-async-job-executor-thread-5822#
[RestartAppStep] Application "projectmanager-backend": 0 of 1 instances running (1 starting)#
#2026 08 27 05:39:04.720#Z#DEBUG#01367556-a1d8-11f1-96fc-eeee0a992f5e.OPERATION#flowable-async-job-executor-thread-5822#
Step "Start App" finished#
#2026 08 27 05:39:14.614#Z#DEBUG#01367556-a1d8-11f1-96fc-eeee0a992f5e.OPERATION#flowable-async-job-executor-thread-5824#
[RestartAppStep] Executing task "startAppTask" of process "9d7b3b02-a1d9-11f1-8fa9-eeee0a8d23d1"...#
#2026 08 27 05:39:14.617#Z#DEBUG#01367556-a1d8-11f1-96fc-eeee0a992f5e.OPERATION#flowable-async-job-executor-thread-5824#
[RestartAppStep] Application start timeout is default one: 3,600 seconds#
#2026 08 27 05:39:14.618#Z#DEBUG#01367556-a1d8-11f1-96fc-eeee0a992f5e.OPERATION#flowable-async-job-executor-thread-5824#
[RestartAppStep] Checking status of application "projectmanager-backend"...#
#2026 08 27 05:39:14.620#Z#DEBUG#01367556-a1d8-11f1-96fc-eeee0a992f5e.OPERATION#flowable-async-job-executor-thread-5824#
[RestartAppStep] Getting instances for application "projectmanager-backend"...#
#2026 08 27 05:39:14.700#Z#DEBUG#01367556-a1d8-11f1-96fc-eeee0a992f5e.OPERATION#flowable-async-job-executor-thread-5824#
[RestartAppStep] Application "projectmanager-backend": 0 of 1 instances running (1 starting)#
#2026 08 27 05:39:14.733#Z#DEBUG#01367556-a1d8-11f1-96fc-eeee0a992f5e.OPERATION#flowable-async-job-executor-thread-5824#
Step "Start App" finished#
#2026 08 27 05:39:24.608#Z#DEBUG#01367556-a1d8-11f1-96fc-eeee0a992f5e.OPERATION#flowable-async-job-executor-thread-6951#
[RestartAppStep] Executing task "startAppTask" of process "a372f0cf-a1d9-11f1-8fa9-eeee0a8d23d1"...#
#2026 08 27 05:39:24.610#Z#DEBUG#01367556-a1d8-11f1-96fc-eeee0a992f5e.OPERATION#flowable-async-job-executor-thread-6951#
[RestartAppStep] Application start timeout is default one: 3,600 seconds#
#2026 08 27 05:39:24.611#Z#DEBUG#01367556-a1d8-11f1-96fc-eeee0a992f5e.OPERATION#flowable-async-job-executor-thread-6951#
[RestartAppStep] Checking status of application "projectmanager-backend"...#
#2026 08 27 05:39:24.612#Z#DEBUG#01367556-a1d8-11f1-96fc-eeee0a992f5e.OPERATION#flowable-async-job-executor-thread-6951#
[RestartAppStep] Getting instances for application "projectmanager-backend"...#
#2026 08 27 05:39:24.668#Z#DEBUG#01367556-a1d8-11f1-96fc-eeee0a992f5e.OPERATION#flowable-async-job-executor-thread-6951#
[RestartAppStep] Application "projectmanager-backend": 0 of 1 instances running (1 starting)#
#2026 08 27 05:39:24.738#Z#DEBUG#01367556-a1d8-11f1-96fc-eeee0a992f5e.OPERATION#flowable-async-job-executor-thread-6951#
Step "Start App" finished#
#2026 08 27 05:39:34.619#Z#DEBUG#01367556-a1d8-11f1-96fc-eeee0a992f5e.OPERATION#flowable-async-job-executor-thread-6958#
[RestartAppStep] Executing task "startAppTask" of process "a9696dca-a1d9-11f1-819c-eeee0a8541c1"...#
#2026 08 27 05:39:34.621#Z#DEBUG#01367556-a1d8-11f1-96fc-eeee0a992f5e.OPERATION#flowable-async-job-executor-thread-6958#
[RestartAppStep] Application start timeout is default one: 3,600 seconds#
#2026 08 27 05:39:34.622#Z#DEBUG#01367556-a1d8-11f1-96fc-eeee0a992f5e.OPERATION#flowable-async-job-executor-thread-6958#
[RestartAppStep] Checking status of application "projectmanager-backend"...#
#2026 08 27 05:39:34.623#Z#DEBUG#01367556-a1d8-11f1-96fc-eeee0a992f5e.OPERATION#flowable-async-job-executor-thread-6958#
[RestartAppStep] Getting instances for application "projectmanager-backend"...#
#2026 08 27 05:39:34.697#Z#DEBUG#01367556-a1d8-11f1-96fc-eeee0a992f5e.OPERATION#flowable-async-job-executor-thread-6958#
[RestartAppStep] Application "projectmanager-backend": 0 of 1 instances running (1 starting)#
#2026 08 27 05:39:34.724#Z#DEBUG#01367556-a1d8-11f1-96fc-eeee0a992f5e.OPERATION#flowable-async-job-executor-thread-6958#
Step "Start App" finished#
#2026 08 27 05:39:44.637#Z#DEBUG#01367556-a1d8-11f1-96fc-eeee0a992f5e.OPERATION#flowable-async-job-executor-thread-6964#
[RestartAppStep] Executing task "startAppTask" of process "af5d2c0e-a1d9-11f1-819c-eeee0a8541c1"...#
#2026 08 27 05:39:44.639#Z#DEBUG#01367556-a1d8-11f1-96fc-eeee0a992f5e.OPERATION#flowable-async-job-executor-thread-6964#
[RestartAppStep] Application start timeout is default one: 3,600 seconds#
#2026 08 27 05:39:44.640#Z#DEBUG#01367556-a1d8-11f1-96fc-eeee0a992f5e.OPERATION#flowable-async-job-executor-thread-6964#
[RestartAppStep] Checking status of application "projectmanager-backend"...#
#2026 08 27 05:39:44.641#Z#DEBUG#01367556-a1d8-11f1-96fc-eeee0a992f5e.OPERATION#flowable-async-job-executor-thread-6964#
[RestartAppStep] Getting instances for application "projectmanager-backend"...#
#2026 08 27 05:39:44.772#Z#DEBUG#01367556-a1d8-11f1-96fc-eeee0a992f5e.OPERATION#flowable-async-job-executor-thread-6964#
[RestartAppStep] Application "projectmanager-backend": 0 of 1 instances running (1 starting)#
#2026 08 27 05:39:44.835#Z#DEBUG#01367556-a1d8-11f1-96fc-eeee0a992f5e.OPERATION#flowable-async-job-executor-thread-6964#
Step "Start App" finished#
#2026 08 27 05:39:54.647#Z#DEBUG#01367556-a1d8-11f1-96fc-eeee0a992f5e.OPERATION#flowable-async-job-executor-thread-6966#
[RestartAppStep] Executing task "startAppTask" of process "b563fd30-a1d9-11f1-819c-eeee0a8541c1"...#
#2026 08 27 05:39:54.649#Z#DEBUG#01367556-a1d8-11f1-96fc-eeee0a992f5e.OPERATION#flowable-async-job-executor-thread-6966#
[RestartAppStep] Application start timeout is default one: 3,600 seconds#
#2026 08 27 05:39:54.650#Z#DEBUG#01367556-a1d8-11f1-96fc-eeee0a992f5e.OPERATION#flowable-async-job-executor-thread-6966#
[RestartAppStep] Checking status of application "projectmanager-backend"...#
#2026 08 27 05:39:54.651#Z#DEBUG#01367556-a1d8-11f1-96fc-eeee0a992f5e.OPERATION#flowable-async-job-executor-thread-6966#
[RestartAppStep] Getting instances for application "projectmanager-backend"...#
#2026 08 27 05:39:54.723#Z#DEBUG#01367556-a1d8-11f1-96fc-eeee0a992f5e.OPERATION#flowable-async-job-executor-thread-6966#
[RestartAppStep] Application "projectmanager-backend": 0 of 1 instances running (1 starting)#
#2026 08 27 05:39:54.783#Z#DEBUG#01367556-a1d8-11f1-96fc-eeee0a992f5e.OPERATION#flowable-async-job-executor-thread-6966#
Step "Start App" finished#
#2026 08 27 05:40:04.656#Z#DEBUG#01367556-a1d8-11f1-96fc-eeee0a992f5e.OPERATION#flowable-async-job-executor-thread-6968#
[RestartAppStep] Executing task "startAppTask" of process "bb51c7f6-a1d9-11f1-819c-eeee0a8541c1"...#
#2026 08 27 05:40:04.659#Z#DEBUG#01367556-a1d8-11f1-96fc-eeee0a992f5e.OPERATION#flowable-async-job-executor-thread-6968#
[RestartAppStep] Application start timeout is default one: 3,600 seconds#
#2026 08 27 05:40:04.660#Z#DEBUG#01367556-a1d8-11f1-96fc-eeee0a992f5e.OPERATION#flowable-async-job-executor-thread-6968#
[RestartAppStep] Checking status of application "projectmanager-backend"...#
#2026 08 27 05:40:04.661#Z#DEBUG#01367556-a1d8-11f1-96fc-eeee0a992f5e.OPERATION#flowable-async-job-executor-thread-6968#
[RestartAppStep] Getting instances for application "projectmanager-backend"...#
#2026 08 27 05:40:04.753#Z#DEBUG#01367556-a1d8-11f1-96fc-eeee0a992f5e.OPERATION#flowable-async-job-executor-thread-6968#
[RestartAppStep] Application "projectmanager-backend": 0 of 1 instances running (1 starting)#
#2026 08 27 05:40:04.778#Z#DEBUG#01367556-a1d8-11f1-96fc-eeee0a992f5e.OPERATION#flowable-async-job-executor-thread-6968#
Step "Start App" finished#
#2026 08 27 05:40:14.672#Z#DEBUG#01367556-a1d8-11f1-96fc-eeee0a992f5e.OPERATION#flowable-async-job-executor-thread-6970#
[RestartAppStep] Executing task "startAppTask" of process "c1470cc3-a1d9-11f1-819c-eeee0a8541c1"...#
#2026 08 27 05:40:14.675#Z#DEBUG#01367556-a1d8-11f1-96fc-eeee0a992f5e.OPERATION#flowable-async-job-executor-thread-6970#
[RestartAppStep] Application start timeout is default one: 3,600 seconds#
#2026 08 27 05:40:14.676#Z#DEBUG#01367556-a1d8-11f1-96fc-eeee0a992f5e.OPERATION#flowable-async-job-executor-thread-6970#
[RestartAppStep] Checking status of application "projectmanager-backend"...#
#2026 08 27 05:40:14.677#Z#DEBUG#01367556-a1d8-11f1-96fc-eeee0a992f5e.OPERATION#flowable-async-job-executor-thread-6970#
[RestartAppStep] Getting instances for application "projectmanager-backend"...#
#2026 08 27 05:40:14.755#Z#DEBUG#01367556-a1d8-11f1-96fc-eeee0a992f5e.OPERATION#flowable-async-job-executor-thread-6970#
[RestartAppStep] Application "projectmanager-backend": 0 of 1 instances running (1 starting)#
#2026 08 27 05:40:14.817#Z#DEBUG#01367556-a1d8-11f1-96fc-eeee0a992f5e.OPERATION#flowable-async-job-executor-thread-6970#
Step "Start App" finished#
#2026 08 27 05:40:24.683#Z#DEBUG#01367556-a1d8-11f1-96fc-eeee0a992f5e.OPERATION#flowable-async-job-executor-thread-6972#
[RestartAppStep] Executing task "startAppTask" of process "c742e140-a1d9-11f1-819c-eeee0a8541c1"...#
#2026 08 27 05:40:24.686#Z#DEBUG#01367556-a1d8-11f1-96fc-eeee0a992f5e.OPERATION#flowable-async-job-executor-thread-6972#
[RestartAppStep] Application start timeout is default one: 3,600 seconds#
#2026 08 27 05:40:24.687#Z#DEBUG#01367556-a1d8-11f1-96fc-eeee0a992f5e.OPERATION#flowable-async-job-executor-thread-6972#
[RestartAppStep] Checking status of application "projectmanager-backend"...#
#2026 08 27 05:40:24.688#Z#DEBUG#01367556-a1d8-11f1-96fc-eeee0a992f5e.OPERATION#flowable-async-job-executor-thread-6972#
[RestartAppStep] Getting instances for application "projectmanager-backend"...#
#2026 08 27 05:40:24.759#Z#DEBUG#01367556-a1d8-11f1-96fc-eeee0a992f5e.OPERATION#flowable-async-job-executor-thread-6972#
[RestartAppStep] Application "projectmanager-backend": 0 of 1 instances running (1 starting)#
#2026 08 27 05:40:24.820#Z#DEBUG#01367556-a1d8-11f1-96fc-eeee0a992f5e.OPERATION#flowable-async-job-executor-thread-6972#
Step "Start App" finished#
#2026 08 27 05:40:34.690#Z#DEBUG#01367556-a1d8-11f1-96fc-eeee0a992f5e.OPERATION#flowable-async-job-executor-thread-6974#
[RestartAppStep] Executing task "startAppTask" of process "cd39106d-a1d9-11f1-819c-eeee0a8541c1"...#
#2026 08 27 05:40:34.692#Z#DEBUG#01367556-a1d8-11f1-96fc-eeee0a992f5e.OPERATION#flowable-async-job-executor-thread-6974#
[RestartAppStep] Application start timeout is default one: 3,600 seconds#
#2026 08 27 05:40:34.693#Z#DEBUG#01367556-a1d8-11f1-96fc-eeee0a992f5e.OPERATION#flowable-async-job-executor-thread-6974#
[RestartAppStep] Checking status of application "projectmanager-backend"...#
#2026 08 27 05:40:34.694#Z#DEBUG#01367556-a1d8-11f1-96fc-eeee0a992f5e.OPERATION#flowable-async-job-executor-thread-6974#
[RestartAppStep] Getting instances for application "projectmanager-backend"...#
#2026 08 27 05:40:34.772#Z#DEBUG#01367556-a1d8-11f1-96fc-eeee0a992f5e.OPERATION#flowable-async-job-executor-thread-6974#
[RestartAppStep] Application "projectmanager-backend": 0 of 1 instances running (1 starting)#
#2026 08 27 05:40:34.801#Z#DEBUG#01367556-a1d8-11f1-96fc-eeee0a992f5e.OPERATION#flowable-async-job-executor-thread-6974#
Step "Start App" finished#
#2026 08 27 05:40:44.698#Z#DEBUG#01367556-a1d8-11f1-96fc-eeee0a992f5e.OPERATION#flowable-async-job-executor-thread-6976#
[RestartAppStep] Executing task "startAppTask" of process "d32c325a-a1d9-11f1-819c-eeee0a8541c1"...#
#2026 08 27 05:40:44.700#Z#DEBUG#01367556-a1d8-11f1-96fc-eeee0a992f5e.OPERATION#flowable-async-job-executor-thread-6976#
[RestartAppStep] Application start timeout is default one: 3,600 seconds#
#2026 08 27 05:40:44.701#Z#DEBUG#01367556-a1d8-11f1-96fc-eeee0a992f5e.OPERATION#flowable-async-job-executor-thread-6976#
[RestartAppStep] Checking status of application "projectmanager-backend"...#
#2026 08 27 05:40:44.702#Z#DEBUG#01367556-a1d8-11f1-96fc-eeee0a992f5e.OPERATION#flowable-async-job-executor-thread-6976#
[RestartAppStep] Getting instances for application "projectmanager-backend"...#
#2026 08 27 05:40:44.779#Z#DEBUG#01367556-a1d8-11f1-96fc-eeee0a992f5e.OPERATION#flowable-async-job-executor-thread-6976#
[RestartAppStep] Application "projectmanager-backend": 0 of 1 instances running (1 starting)#
#2026 08 27 05:40:44.805#Z#DEBUG#01367556-a1d8-11f1-96fc-eeee0a992f5e.OPERATION#flowable-async-job-executor-thread-6976#
Step "Start App" finished#
#2026 08 27 05:40:54.708#Z#DEBUG#01367556-a1d8-11f1-96fc-eeee0a992f5e.OPERATION#flowable-async-job-executor-thread-6978#
[RestartAppStep] Executing task "startAppTask" of process "d922aea7-a1d9-11f1-819c-eeee0a8541c1"...#
#2026 08 27 05:40:54.711#Z#DEBUG#01367556-a1d8-11f1-96fc-eeee0a992f5e.OPERATION#flowable-async-job-executor-thread-6978#
[RestartAppStep] Application start timeout is default one: 3,600 seconds#
#2026 08 27 05:40:54.712#Z#DEBUG#01367556-a1d8-11f1-96fc-eeee0a992f5e.OPERATION#flowable-async-job-executor-thread-6978#
[RestartAppStep] Checking status of application "projectmanager-backend"...#
#2026 08 27 05:40:54.713#Z#DEBUG#01367556-a1d8-11f1-96fc-eeee0a992f5e.OPERATION#flowable-async-job-executor-thread-6978#
[RestartAppStep] Getting instances for application "projectmanager-backend"...#
#2026 08 27 05:40:54.800#Z#DEBUG#01367556-a1d8-11f1-96fc-eeee0a992f5e.OPERATION#flowable-async-job-executor-thread-6978#
[RestartAppStep] Application "projectmanager-backend": 0 of 1 instances running (1 starting)#
#2026 08 27 05:40:54.832#Z#DEBUG#01367556-a1d8-11f1-96fc-eeee0a992f5e.OPERATION#flowable-async-job-executor-thread-6978#
Step "Start App" finished#
#2026 08 27 05:41:04.715#Z#DEBUG#01367556-a1d8-11f1-96fc-eeee0a992f5e.OPERATION#flowable-async-job-executor-thread-6980#
[RestartAppStep] Executing task "startAppTask" of process "df1cae64-a1d9-11f1-819c-eeee0a8541c1"...#
#2026 08 27 05:41:04.717#Z#DEBUG#01367556-a1d8-11f1-96fc-eeee0a992f5e.OPERATION#flowable-async-job-executor-thread-6980#
[RestartAppStep] Application start timeout is default one: 3,600 seconds#
#2026 08 27 05:41:04.719#Z#DEBUG#01367556-a1d8-11f1-96fc-eeee0a992f5e.OPERATION#flowable-async-job-executor-thread-6980#
[RestartAppStep] Checking status of application "projectmanager-backend"...#
#2026 08 27 05:41:04.719#Z#DEBUG#01367556-a1d8-11f1-96fc-eeee0a992f5e.OPERATION#flowable-async-job-executor-thread-6980#
[RestartAppStep] Getting instances for application "projectmanager-backend"...#
#2026 08 27 05:41:04.789#Z#DEBUG#01367556-a1d8-11f1-96fc-eeee0a992f5e.OPERATION#flowable-async-job-executor-thread-6980#
[RestartAppStep] Application "projectmanager-backend": 0 of 1 instances running (1 starting)#
#2026 08 27 05:41:04.818#Z#DEBUG#01367556-a1d8-11f1-96fc-eeee0a992f5e.OPERATION#flowable-async-job-executor-thread-6980#
Step "Start App" finished#
#2026 08 27 05:41:14.724#Z#DEBUG#01367556-a1d8-11f1-96fc-eeee0a992f5e.OPERATION#flowable-async-job-executor-thread-6982#
[RestartAppStep] Executing task "startAppTask" of process "e5106c91-a1d9-11f1-819c-eeee0a8541c1"...#
#2026 08 27 05:41:14.726#Z#DEBUG#01367556-a1d8-11f1-96fc-eeee0a992f5e.OPERATION#flowable-async-job-executor-thread-6982#
[RestartAppStep] Application start timeout is default one: 3,600 seconds#
#2026 08 27 05:41:14.727#Z#DEBUG#01367556-a1d8-11f1-96fc-eeee0a992f5e.OPERATION#flowable-async-job-executor-thread-6982#
[RestartAppStep] Checking status of application "projectmanager-backend"...#
#2026 08 27 05:41:14.728#Z#DEBUG#01367556-a1d8-11f1-96fc-eeee0a992f5e.OPERATION#flowable-async-job-executor-thread-6982#
[RestartAppStep] Getting instances for application "projectmanager-backend"...#
#2026 08 27 05:41:14.810#Z#DEBUG#01367556-a1d8-11f1-96fc-eeee0a992f5e.OPERATION#flowable-async-job-executor-thread-6982#
[RestartAppStep] Application "projectmanager-backend": 0 of 1 instances running (1 starting)#
#2026 08 27 05:41:14.838#Z#DEBUG#01367556-a1d8-11f1-96fc-eeee0a992f5e.OPERATION#flowable-async-job-executor-thread-6982#
Step "Start App" finished#
#2026 08 27 05:41:24.751#Z#DEBUG#01367556-a1d8-11f1-96fc-eeee0a992f5e.OPERATION#flowable-async-job-executor-thread-7406#
[RestartAppStep] Executing task "startAppTask" of process "eb095ade-a1d9-11f1-819c-eeee0a8541c1"...#
#2026 08 27 05:41:24.754#Z#DEBUG#01367556-a1d8-11f1-96fc-eeee0a992f5e.OPERATION#flowable-async-job-executor-thread-7406#
[RestartAppStep] Application start timeout is default one: 3,600 seconds#
#2026 08 27 05:41:24.756#Z#DEBUG#01367556-a1d8-11f1-96fc-eeee0a992f5e.OPERATION#flowable-async-job-executor-thread-7406#
[RestartAppStep] Checking status of application "projectmanager-backend"...#
#2026 08 27 05:41:24.757#Z#DEBUG#01367556-a1d8-11f1-96fc-eeee0a992f5e.OPERATION#flowable-async-job-executor-thread-7406#
[RestartAppStep] Getting instances for application "projectmanager-backend"...#
#2026 08 27 05:41:24.838#Z#DEBUG#01367556-a1d8-11f1-96fc-eeee0a992f5e.OPERATION#flowable-async-job-executor-thread-7406#
[RestartAppStep] Application "projectmanager-backend": 0 of 1 instances running (1 starting)#
#2026 08 27 05:41:24.864#Z#DEBUG#01367556-a1d8-11f1-96fc-eeee0a992f5e.OPERATION#flowable-async-job-executor-thread-7406#
Step "Start App" finished#
#2026 08 27 05:41:34.738#Z#DEBUG#01367556-a1d8-11f1-96fc-eeee0a992f5e.OPERATION#flowable-async-job-executor-thread-6984#
[RestartAppStep] Executing task "startAppTask" of process "f1035b1b-a1d9-11f1-96fc-eeee0a992f5e"...#
#2026 08 27 05:41:34.740#Z#DEBUG#01367556-a1d8-11f1-96fc-eeee0a992f5e.OPERATION#flowable-async-job-executor-thread-6984#
[RestartAppStep] Application start timeout is default one: 3,600 seconds#
#2026 08 27 05:41:34.741#Z#DEBUG#01367556-a1d8-11f1-96fc-eeee0a992f5e.OPERATION#flowable-async-job-executor-thread-6984#
[RestartAppStep] Checking status of application "projectmanager-backend"...#
#2026 08 27 05:41:34.742#Z#DEBUG#01367556-a1d8-11f1-96fc-eeee0a992f5e.OPERATION#flowable-async-job-executor-thread-6984#
[RestartAppStep] Getting instances for application "projectmanager-backend"...#
#2026 08 27 05:41:34.821#Z#DEBUG#01367556-a1d8-11f1-96fc-eeee0a992f5e.OPERATION#flowable-async-job-executor-thread-6984#
[RestartAppStep] Application "projectmanager-backend": 0 of 1 instances running (1 starting)#
#2026 08 27 05:41:34.890#Z#DEBUG#01367556-a1d8-11f1-96fc-eeee0a992f5e.OPERATION#flowable-async-job-executor-thread-6984#
Step "Start App" finished#
#2026 08 27 05:41:44.746#Z#DEBUG#01367556-a1d8-11f1-96fc-eeee0a992f5e.OPERATION#flowable-async-job-executor-thread-6986#
[RestartAppStep] Executing task "startAppTask" of process "f6fd0c2b-a1d9-11f1-819c-eeee0a8541c1"...#
#2026 08 27 05:41:44.749#Z#DEBUG#01367556-a1d8-11f1-96fc-eeee0a992f5e.OPERATION#flowable-async-job-executor-thread-6986#
[RestartAppStep] Application start timeout is default one: 3,600 seconds#
#2026 08 27 05:41:44.749#Z#DEBUG#01367556-a1d8-11f1-96fc-eeee0a992f5e.OPERATION#flowable-async-job-executor-thread-6986#
[RestartAppStep] Checking status of application "projectmanager-backend"...#
#2026 08 27 05:41:44.750#Z#DEBUG#01367556-a1d8-11f1-96fc-eeee0a992f5e.OPERATION#flowable-async-job-executor-thread-6986#
[RestartAppStep] Getting instances for application "projectmanager-backend"...#
#2026 08 27 05:41:44.817#Z#DEBUG#01367556-a1d8-11f1-96fc-eeee0a992f5e.OPERATION#flowable-async-job-executor-thread-6986#
[RestartAppStep] Application "projectmanager-backend": 0 of 1 instances running (1 starting)#
#2026 08 27 05:41:44.884#Z#DEBUG#01367556-a1d8-11f1-96fc-eeee0a992f5e.OPERATION#flowable-async-job-executor-thread-6986#
Step "Start App" finished#
#2026 08 27 05:41:54.753#Z#DEBUG#01367556-a1d8-11f1-96fc-eeee0a992f5e.OPERATION#flowable-async-job-executor-thread-6988#
[RestartAppStep] Executing task "startAppTask" of process "fcf1dbc8-a1d9-11f1-819c-eeee0a8541c1"...#
#2026 08 27 05:41:54.756#Z#DEBUG#01367556-a1d8-11f1-96fc-eeee0a992f5e.OPERATION#flowable-async-job-executor-thread-6988#
[RestartAppStep] Application start timeout is default one: 3,600 seconds#
#2026 08 27 05:41:54.756#Z#DEBUG#01367556-a1d8-11f1-96fc-eeee0a992f5e.OPERATION#flowable-async-job-executor-thread-6988#
[RestartAppStep] Checking status of application "projectmanager-backend"...#
#2026 08 27 05:41:54.757#Z#DEBUG#01367556-a1d8-11f1-96fc-eeee0a992f5e.OPERATION#flowable-async-job-executor-thread-6988#
[RestartAppStep] Getting instances for application "projectmanager-backend"...#
#2026 08 27 05:41:54.824#Z#DEBUG#01367556-a1d8-11f1-96fc-eeee0a992f5e.OPERATION#flowable-async-job-executor-thread-6988#
[RestartAppStep] Application "projectmanager-backend": 0 of 1 instances running (1 starting)#
#2026 08 27 05:41:54.886#Z#DEBUG#01367556-a1d8-11f1-96fc-eeee0a992f5e.OPERATION#flowable-async-job-executor-thread-6988#
Step "Start App" finished#
#2026 08 27 05:42:04.761#Z#DEBUG#01367556-a1d8-11f1-96fc-eeee0a992f5e.OPERATION#flowable-async-job-executor-thread-6990#
[RestartAppStep] Executing task "startAppTask" of process "02e80af5-a1da-11f1-819c-eeee0a8541c1"...#
#2026 08 27 05:42:04.764#Z#DEBUG#01367556-a1d8-11f1-96fc-eeee0a992f5e.OPERATION#flowable-async-job-executor-thread-6990#
[RestartAppStep] Application start timeout is default one: 3,600 seconds#
#2026 08 27 05:42:04.765#Z#DEBUG#01367556-a1d8-11f1-96fc-eeee0a992f5e.OPERATION#flowable-async-job-executor-thread-6990#
[RestartAppStep] Checking status of application "projectmanager-backend"...#
#2026 08 27 05:42:04.766#Z#DEBUG#01367556-a1d8-11f1-96fc-eeee0a992f5e.OPERATION#flowable-async-job-executor-thread-6990#
[RestartAppStep] Getting instances for application "projectmanager-backend"...#
#2026 08 27 05:42:04.815#Z#DEBUG#01367556-a1d8-11f1-96fc-eeee0a992f5e.OPERATION#flowable-async-job-executor-thread-6990#
[RestartAppStep] Application "projectmanager-backend": 0 of 1 instances running (1 crashed)#
#2026 08 27 05:42:04.849#Z#ERROR#01367556-a1d8-11f1-96fc-eeee0a992f5e.OPERATION#flowable-async-job-executor-thread-6990#
[RestartAppStep] Error starting application "projectmanager-backend": Some instances have crashed. Check the application logs of your application for details.#
#2026 08 27 05:42:04.854#Z#INFO#01367556-a1d8-11f1-96fc-eeee0a992f5e.OPERATION#flowable-async-job-executor-thread-6990#
[RestartAppStep] Download the MTA operation logs for more details.#
#2026 08 27 05:42:04.859#Z#DEBUG#01367556-a1d8-11f1-96fc-eeee0a992f5e.OPERATION#flowable-async-job-executor-thread-6990#
Step "Start App" finished#
