#2026 08 27 05:28:04.093#Z#DEBUG#01367556-a1d8-11f1-96fc-eeee0a992f5e.projectmanager-backend#flowable-async-job-executor-thread-7280#
[PollStageAppStatusExecution] 048b5ac7-6da8-4be5-90f9-088898572dda [2026-08-27T05:20:10.046554] Cell b5e7285e-1d8c-426a-a6e8-943a3908f442 creating container for instance db327559-891c-4338-62a4-f039 (STDOUT, CELL)#
#2026 08 27 05:28:04.093#Z#DEBUG#01367556-a1d8-11f1-96fc-eeee0a992f5e.projectmanager-backend#flowable-async-job-executor-thread-7280#
[PollStageAppStatusExecution] 048b5ac7-6da8-4be5-90f9-088898572dda [2026-08-27T05:20:10.424444] Security group rules were updated (STDOUT, CELL)#
#2026 08 27 05:28:04.093#Z#DEBUG#01367556-a1d8-11f1-96fc-eeee0a992f5e.projectmanager-backend#flowable-async-job-executor-thread-7280#
[PollStageAppStatusExecution] 048b5ac7-6da8-4be5-90f9-088898572dda [2026-08-27T05:20:10.442707] Cell b5e7285e-1d8c-426a-a6e8-943a3908f442 successfully created container for instance db327559-891c-4338-62a4-f039 (STDOUT, CELL)#
#2026 08 27 05:28:04.093#Z#DEBUG#01367556-a1d8-11f1-96fc-eeee0a992f5e.projectmanager-backend#flowable-async-job-executor-thread-7280#
[PollStageAppStatusExecution] 048b5ac7-6da8-4be5-90f9-088898572dda [2026-08-27T05:20:10.801036] Downloading droplet... (STDOUT, CELL)#
#2026 08 27 05:28:04.093#Z#DEBUG#01367556-a1d8-11f1-96fc-eeee0a992f5e.projectmanager-backend#flowable-async-job-executor-thread-7280#
[PollStageAppStatusExecution] 048b5ac7-6da8-4be5-90f9-088898572dda [2026-08-27T05:20:11.108087] Downloaded droplet (3.7M) (STDOUT, CELL)#
#2026 08 27 05:28:04.093#Z#DEBUG#01367556-a1d8-11f1-96fc-eeee0a992f5e.projectmanager-backend#flowable-async-job-executor-thread-7280#
[PollStageAppStatusExecution] 048b5ac7-6da8-4be5-90f9-088898572dda [2026-08-27T05:20:11.108182] Starting health monitoring of container (STDOUT, CELL)#
#2026 08 27 05:28:04.093#Z#DEBUG#01367556-a1d8-11f1-96fc-eeee0a992f5e.projectmanager-backend#flowable-async-job-executor-thread-7280#
[PollStageAppStatusExecution] 048b5ac7-6da8-4be5-90f9-088898572dda [2026-08-27T05:20:11.171884] Invoking pre-start scripts. (STDOUT, APP/PROC/WEB)#
#2026 08 27 05:28:04.093#Z#DEBUG#01367556-a1d8-11f1-96fc-eeee0a992f5e.projectmanager-backend#flowable-async-job-executor-thread-7280#
[PollStageAppStatusExecution] 048b5ac7-6da8-4be5-90f9-088898572dda [2026-08-27T05:20:11.197088] Invoking start command. (STDOUT, APP/PROC/WEB)#
#2026 08 27 05:28:04.093#Z#DEBUG#01367556-a1d8-11f1-96fc-eeee0a992f5e.projectmanager-backend#flowable-async-job-executor-thread-7280#
[PollStageAppStatusExecution] 048b5ac7-6da8-4be5-90f9-088898572dda [2026-08-27T05:20:11.202672] Listening for requests on http://[::1]:8080/ (STDOUT, APP/PROC/WEB)#
#2026 08 27 05:28:04.093#Z#DEBUG#01367556-a1d8-11f1-96fc-eeee0a992f5e.projectmanager-backend#flowable-async-job-executor-thread-7280#
[PollStageAppStatusExecution] 048b5ac7-6da8-4be5-90f9-088898572dda [2026-08-27T05:20:11.202683] Listening for requests on http://127.0.0.1:8080/ (STDOUT, APP/PROC/WEB)#
#2026 08 27 05:28:04.093#Z#DEBUG#01367556-a1d8-11f1-96fc-eeee0a992f5e.projectmanager-backend#flowable-async-job-executor-thread-7280#
[PollStageAppStatusExecution] 048b5ac7-6da8-4be5-90f9-088898572dda [2026-08-27T05:21:11.292809] Timed out after 1m0s (31 attempts) waiting for startup check to succeed: failed to make TCP connection to 10.156.130.115:8080: dial tcp 10.156.130.115:8080: connect: connection refused (STDERR, HEALTH)#
#2026 08 27 05:28:04.093#Z#DEBUG#01367556-a1d8-11f1-96fc-eeee0a992f5e.projectmanager-backend#flowable-async-job-executor-thread-7280#
[PollStageAppStatusExecution] 048b5ac7-6da8-4be5-90f9-088898572dda [2026-08-27T05:21:11.292815] Failed after 1m0.185s: startup health check never passed. (STDERR, CELL)#
#2026 08 27 05:28:04.093#Z#DEBUG#01367556-a1d8-11f1-96fc-eeee0a992f5e.projectmanager-backend#flowable-async-job-executor-thread-7280#
[PollStageAppStatusExecution] 048b5ac7-6da8-4be5-90f9-088898572dda [2026-08-27T05:21:11.293066] Received signal 15. Shutting down. (STDOUT, APP/PROC/WEB)#
#2026 08 27 05:28:04.093#Z#DEBUG#01367556-a1d8-11f1-96fc-eeee0a992f5e.projectmanager-backend#flowable-async-job-executor-thread-7280#
[PollStageAppStatusExecution] 048b5ac7-6da8-4be5-90f9-088898572dda [2026-08-27T05:21:11.293297] Warning (thread: main): leaking eventcore driver because there are still active handles (STDERR, APP/PROC/WEB)#
#2026 08 27 05:28:04.093#Z#DEBUG#01367556-a1d8-11f1-96fc-eeee0a992f5e.projectmanager-backend#flowable-async-job-executor-thread-7280#
[PollStageAppStatusExecution] 048b5ac7-6da8-4be5-90f9-088898572dda [2026-08-27T05:21:11.293338] FD 6 (streamListen) (STDERR, APP/PROC/WEB)#
#2026 08 27 05:28:04.093#Z#DEBUG#01367556-a1d8-11f1-96fc-eeee0a992f5e.projectmanager-backend#flowable-async-job-executor-thread-7280#
[PollStageAppStatusExecution] 048b5ac7-6da8-4be5-90f9-088898572dda [2026-08-27T05:21:11.293341] FD 7 (streamListen) (STDERR, APP/PROC/WEB)#
#2026 08 27 05:28:04.093#Z#DEBUG#01367556-a1d8-11f1-96fc-eeee0a992f5e.projectmanager-backend#flowable-async-job-executor-thread-7280#
[PollStageAppStatusExecution] 048b5ac7-6da8-4be5-90f9-088898572dda [2026-08-27T05:21:11.293382] Use '-debug=EventCoreLeakTrace' to show where the instantiation happened (STDERR, APP/PROC/WEB)#
#2026 08 27 05:28:04.093#Z#DEBUG#01367556-a1d8-11f1-96fc-eeee0a992f5e.projectmanager-backend#flowable-async-job-executor-thread-7280#
[PollStageAppStatusExecution] 048b5ac7-6da8-4be5-90f9-088898572dda [2026-08-27T05:21:11.293477] Warning (thread: main): leaking eventcore driver because there are still active handles (STDERR, APP/PROC/WEB)#
#2026 08 27 05:28:04.093#Z#DEBUG#01367556-a1d8-11f1-96fc-eeee0a992f5e.projectmanager-backend#flowable-async-job-executor-thread-7280#
[PollStageAppStatusExecution] 048b5ac7-6da8-4be5-90f9-088898572dda [2026-08-27T05:21:11.293495] FD 6 (streamListen) (STDERR, APP/PROC/WEB)#
#2026 08 27 05:28:04.093#Z#DEBUG#01367556-a1d8-11f1-96fc-eeee0a992f5e.projectmanager-backend#flowable-async-job-executor-thread-7280#
[PollStageAppStatusExecution] 048b5ac7-6da8-4be5-90f9-088898572dda [2026-08-27T05:21:11.293510] FD 7 (streamListen) (STDERR, APP/PROC/WEB)#
#2026 08 27 05:28:04.093#Z#DEBUG#01367556-a1d8-11f1-96fc-eeee0a992f5e.projectmanager-backend#flowable-async-job-executor-thread-7280#
[PollStageAppStatusExecution] 048b5ac7-6da8-4be5-90f9-088898572dda [2026-08-27T05:21:11.293619] Use '-debug=EventCoreLeakTrace' to show where the instantiation happened (STDERR, APP/PROC/WEB)#
#2026 08 27 05:28:04.093#Z#DEBUG#01367556-a1d8-11f1-96fc-eeee0a992f5e.projectmanager-backend#flowable-async-job-executor-thread-7280#
[PollStageAppStatusExecution] 048b5ac7-6da8-4be5-90f9-088898572dda [2026-08-27T05:21:11.296135] Exit status 0 (STDOUT, APP/PROC/WEB)#
#2026 08 27 05:28:04.093#Z#DEBUG#01367556-a1d8-11f1-96fc-eeee0a992f5e.projectmanager-backend#flowable-async-job-executor-thread-7280#
[PollStageAppStatusExecution] 048b5ac7-6da8-4be5-90f9-088898572dda [2026-08-27T05:21:16.748357] Cell b5e7285e-1d8c-426a-a6e8-943a3908f442 stopping instance db327559-891c-4338-62a4-f039 (STDOUT, CELL)#
#2026 08 27 05:28:04.093#Z#DEBUG#01367556-a1d8-11f1-96fc-eeee0a992f5e.projectmanager-backend#flowable-async-job-executor-thread-7280#
[PollStageAppStatusExecution] 048b5ac7-6da8-4be5-90f9-088898572dda [2026-08-27T05:21:16.748393] Cell b5e7285e-1d8c-426a-a6e8-943a3908f442 destroying container for instance db327559-891c-4338-62a4-f039 (STDOUT, CELL)#
#2026 08 27 05:28:04.093#Z#DEBUG#01367556-a1d8-11f1-96fc-eeee0a992f5e.projectmanager-backend#flowable-async-job-executor-thread-7280#
[PollStageAppStatusExecution] 048b5ac7-6da8-4be5-90f9-088898572dda [2026-08-27T05:21:16.773070] Process has crashed with type: "web" (STDOUT, API)#
#2026 08 27 05:28:04.093#Z#DEBUG#01367556-a1d8-11f1-96fc-eeee0a992f5e.projectmanager-backend#flowable-async-job-executor-thread-7280#
[PollStageAppStatusExecution] 048b5ac7-6da8-4be5-90f9-088898572dda [2026-08-27T05:21:16.794460] App instance exited with guid 048b5ac7-6da8-4be5-90f9-088898572dda payload: {"instance"=>"db327559-891c-4338-62a4-f039", "index"=>0, "cell_id"=>"b5e7285e-1d8c-426a-a6e8-943a3908f442", "reason"=>"CRASHED", "exit_description"=>"Instance never healthy after 1m0.185s: Timed out after 1m0s (31 attempts) waiting for startup check to succeed: failed to make TCP connection to 10.156.130.115:8080: dial tcp 10.156.130.115:8080: connect: connection refused", "crash_count"=>38, "crash_timestamp"=>1787808076742822582, "version"=>"8e018690-5014-44b9-af0d-5973bf5a9eff"} (STDOUT, API)#
#2026 08 27 05:28:04.093#Z#DEBUG#01367556-a1d8-11f1-96fc-eeee0a992f5e.projectmanager-backend#flowable-async-job-executor-thread-7280#
[PollStageAppStatusExecution] 048b5ac7-6da8-4be5-90f9-088898572dda [2026-08-27T05:21:16.826826] Exit status 137 (STDOUT, PROXY)#
#2026 08 27 05:28:04.093#Z#DEBUG#01367556-a1d8-11f1-96fc-eeee0a992f5e.projectmanager-backend#flowable-async-job-executor-thread-7280#
[PollStageAppStatusExecution] 048b5ac7-6da8-4be5-90f9-088898572dda [2026-08-27T05:21:17.253672] Cell b5e7285e-1d8c-426a-a6e8-943a3908f442 successfully destroyed container for instance db327559-891c-4338-62a4-f039 (STDOUT, CELL)#
#2026 08 27 05:28:04.093#Z#DEBUG#01367556-a1d8-11f1-96fc-eeee0a992f5e.projectmanager-backend#flowable-async-job-executor-thread-7280#
[PollStageAppStatusExecution] 048b5ac7-6da8-4be5-90f9-088898572dda [2026-08-27T05:27:34.942095] Updated app with guid 048b5ac7-6da8-4be5-90f9-088898572dda ({"lifecycle"=>{"data"=>{"buildpacks"=>["binary_buildpack"]}, "type"=>"buildpack"}}) (STDOUT, API)#
#2026 08 27 05:28:04.093#Z#DEBUG#01367556-a1d8-11f1-96fc-eeee0a992f5e.projectmanager-backend#flowable-async-job-executor-thread-7280#
[PollStageAppStatusExecution] 048b5ac7-6da8-4be5-90f9-088898572dda [2026-08-27T05:27:35.074482] Updating process: "web" (STDOUT, API)#
#2026 08 27 05:28:04.093#Z#DEBUG#01367556-a1d8-11f1-96fc-eeee0a992f5e.projectmanager-backend#flowable-async-job-executor-thread-7280#
[PollStageAppStatusExecution] 048b5ac7-6da8-4be5-90f9-088898572dda [2026-08-27T05:27:35.229924] Updated app with guid 048b5ac7-6da8-4be5-90f9-088898572dda ({"environment_variables"=>"[PRIVATE DATA HIDDEN]"}) (STDOUT, API)#
#2026 08 27 05:28:04.093#Z#DEBUG#01367556-a1d8-11f1-96fc-eeee0a992f5e.projectmanager-backend#flowable-async-job-executor-thread-7280#
[PollStageAppStatusExecution] 048b5ac7-6da8-4be5-90f9-088898572dda [2026-08-27T05:27:44.244735] Uploading app package for app with guid 048b5ac7-6da8-4be5-90f9-088898572dda (STDOUT, API)#
#2026 08 27 05:28:04.093#Z#DEBUG#01367556-a1d8-11f1-96fc-eeee0a992f5e.projectmanager-backend#flowable-async-job-executor-thread-7280#
[PollStageAppStatusExecution] 048b5ac7-6da8-4be5-90f9-088898572dda [2026-08-27T05:27:44.465946] Updated app with guid 048b5ac7-6da8-4be5-90f9-088898572dda ({"environment_variables"=>"[PRIVATE DATA HIDDEN]"}) (STDOUT, API)#
#2026 08 27 05:28:04.093#Z#DEBUG#01367556-a1d8-11f1-96fc-eeee0a992f5e.projectmanager-backend#flowable-async-job-executor-thread-7280#
[PollStageAppStatusExecution] 048b5ac7-6da8-4be5-90f9-088898572dda [2026-08-27T05:27:54.479467] Stopping app with guid 048b5ac7-6da8-4be5-90f9-088898572dda (STDOUT, API)#
#2026 08 27 05:28:04.093#Z#DEBUG#01367556-a1d8-11f1-96fc-eeee0a992f5e.projectmanager-backend#flowable-async-job-executor-thread-7280#
[PollStageAppStatusExecution] 048b5ac7-6da8-4be5-90f9-088898572dda [2026-08-27T05:27:54.734567] Creating build for app with guid 048b5ac7-6da8-4be5-90f9-088898572dda (STDOUT, API)#
#2026 08 27 05:28:04.093#Z#DEBUG#01367556-a1d8-11f1-96fc-eeee0a992f5e.projectmanager-backend#flowable-async-job-executor-thread-7280#
[PollStageAppStatusExecution] 048b5ac7-6da8-4be5-90f9-088898572dda [2026-08-27T05:27:55.205102] Downloading binary_buildpack... (STDOUT, STG)#
#2026 08 27 05:28:04.093#Z#DEBUG#01367556-a1d8-11f1-96fc-eeee0a992f5e.projectmanager-backend#flowable-async-job-executor-thread-7280#
[PollStageAppStatusExecution] 048b5ac7-6da8-4be5-90f9-088898572dda [2026-08-27T05:27:55.235761] Downloaded binary_buildpack (STDOUT, STG)#
#2026 08 27 05:28:04.093#Z#DEBUG#01367556-a1d8-11f1-96fc-eeee0a992f5e.projectmanager-backend#flowable-async-job-executor-thread-7280#
[PollStageAppStatusExecution] 048b5ac7-6da8-4be5-90f9-088898572dda [2026-08-27T05:27:55.235817] Cell e5b1c835-d2ae-428e-89b2-46da66ae6d79 creating container for instance 2d188781-f846-434d-a3af-633948270348 (STDOUT, STG)#
#2026 08 27 05:28:04.093#Z#DEBUG#01367556-a1d8-11f1-96fc-eeee0a992f5e.projectmanager-backend#flowable-async-job-executor-thread-7280#
[PollStageAppStatusExecution] 048b5ac7-6da8-4be5-90f9-088898572dda [2026-08-27T05:27:55.521689] Security group rules were updated (STDOUT, STG)#
#2026 08 27 05:28:04.093#Z#DEBUG#01367556-a1d8-11f1-96fc-eeee0a992f5e.projectmanager-backend#flowable-async-job-executor-thread-7280#
[PollStageAppStatusExecution] 048b5ac7-6da8-4be5-90f9-088898572dda [2026-08-27T05:27:55.537541] Cell e5b1c835-d2ae-428e-89b2-46da66ae6d79 successfully created container for instance 2d188781-f846-434d-a3af-633948270348 (STDOUT, STG)#
#2026 08 27 05:28:04.093#Z#DEBUG#01367556-a1d8-11f1-96fc-eeee0a992f5e.projectmanager-backend#flowable-async-job-executor-thread-7280#
[PollStageAppStatusExecution] 048b5ac7-6da8-4be5-90f9-088898572dda [2026-08-27T05:27:56.313501] Downloading app package... (STDOUT, STG)#
#2026 08 27 05:28:04.093#Z#DEBUG#01367556-a1d8-11f1-96fc-eeee0a992f5e.projectmanager-backend#flowable-async-job-executor-thread-7280#
[PollStageAppStatusExecution] 048b5ac7-6da8-4be5-90f9-088898572dda [2026-08-27T05:27:56.313544] Downloading build artifacts cache... (STDOUT, STG)#
#2026 08 27 05:28:04.093#Z#DEBUG#01367556-a1d8-11f1-96fc-eeee0a992f5e.projectmanager-backend#flowable-async-job-executor-thread-7280#
[PollStageAppStatusExecution] 048b5ac7-6da8-4be5-90f9-088898572dda [2026-08-27T05:27:56.406588] Downloaded build artifacts cache (215B) (STDOUT, STG)#
#2026 08 27 05:28:04.093#Z#DEBUG#01367556-a1d8-11f1-96fc-eeee0a992f5e.projectmanager-backend#flowable-async-job-executor-thread-7280#
[PollStageAppStatusExecution] 048b5ac7-6da8-4be5-90f9-088898572dda [2026-08-27T05:27:56.524955] Downloaded app package (3.8M) (STDOUT, STG)#
#2026 08 27 05:28:04.093#Z#DEBUG#01367556-a1d8-11f1-96fc-eeee0a992f5e.projectmanager-backend#flowable-async-job-executor-thread-7280#
[PollStageAppStatusExecution] 048b5ac7-6da8-4be5-90f9-088898572dda [2026-08-27T05:27:56.586415] -----> Binary Buildpack version 2.0.0 (STDOUT, STG)#
#2026 08 27 05:28:04.093#Z#DEBUG#01367556-a1d8-11f1-96fc-eeee0a992f5e.projectmanager-backend#flowable-async-job-executor-thread-7280#
[PollStageAppStatusExecution] 048b5ac7-6da8-4be5-90f9-088898572dda [2026-08-27T05:27:57.144317] Exit status 0 (STDOUT, STG)#
#2026 08 27 05:28:04.093#Z#DEBUG#01367556-a1d8-11f1-96fc-eeee0a992f5e.projectmanager-backend#flowable-async-job-executor-thread-7280#
[PollStageAppStatusExecution] 048b5ac7-6da8-4be5-90f9-088898572dda [2026-08-27T05:27:57.144373] Uploading droplet, build artifacts cache... (STDOUT, STG)#
#2026 08 27 05:28:04.093#Z#DEBUG#01367556-a1d8-11f1-96fc-eeee0a992f5e.projectmanager-backend#flowable-async-job-executor-thread-7280#
[PollStageAppStatusExecution] 048b5ac7-6da8-4be5-90f9-088898572dda [2026-08-27T05:27:57.144408] Uploading droplet... (STDOUT, STG)#
#2026 08 27 05:28:04.093#Z#DEBUG#01367556-a1d8-11f1-96fc-eeee0a992f5e.projectmanager-backend#flowable-async-job-executor-thread-7280#
[PollStageAppStatusExecution] 048b5ac7-6da8-4be5-90f9-088898572dda [2026-08-27T05:27:57.144435] Uploading build artifacts cache... (STDOUT, STG)#
#2026 08 27 05:28:04.093#Z#DEBUG#01367556-a1d8-11f1-96fc-eeee0a992f5e.projectmanager-backend#flowable-async-job-executor-thread-7280#
[PollStageAppStatusExecution] 048b5ac7-6da8-4be5-90f9-088898572dda [2026-08-27T05:27:57.165469] Uploaded build artifacts cache (221B) (STDOUT, STG)#
#2026 08 27 05:28:04.093#Z#DEBUG#01367556-a1d8-11f1-96fc-eeee0a992f5e.projectmanager-backend#flowable-async-job-executor-thread-7280#
[PollStageAppStatusExecution] 048b5ac7-6da8-4be5-90f9-088898572dda [2026-08-27T05:27:57.222947] Creating droplet for app with guid 048b5ac7-6da8-4be5-90f9-088898572dda (STDOUT, API)#
#2026 08 27 05:28:04.093#Z#DEBUG#01367556-a1d8-11f1-96fc-eeee0a992f5e.projectmanager-backend#flowable-async-job-executor-thread-7280#
[PollStageAppStatusExecution] 048b5ac7-6da8-4be5-90f9-088898572dda [2026-08-27T05:27:58.263234] Uploaded droplet (3.7M) (STDOUT, STG)#
#2026 08 27 05:28:04.093#Z#DEBUG#01367556-a1d8-11f1-96fc-eeee0a992f5e.projectmanager-backend#flowable-async-job-executor-thread-7280#
[PollStageAppStatusExecution] 048b5ac7-6da8-4be5-90f9-088898572dda [2026-08-27T05:27:58.264066] Uploading complete (STDOUT, STG)#
#2026 08 27 05:28:04.093#Z#DEBUG#01367556-a1d8-11f1-96fc-eeee0a992f5e.projectmanager-backend#flowable-async-job-executor-thread-7280#
[PollStageAppStatusExecution] 048b5ac7-6da8-4be5-90f9-088898572dda [2026-08-27T05:27:59.284264] Cell e5b1c835-d2ae-428e-89b2-46da66ae6d79 stopping instance 2d188781-f846-434d-a3af-633948270348 (STDOUT, STG)#
#2026 08 27 05:28:04.093#Z#DEBUG#01367556-a1d8-11f1-96fc-eeee0a992f5e.projectmanager-backend#flowable-async-job-executor-thread-7280#
[PollStageAppStatusExecution] 048b5ac7-6da8-4be5-90f9-088898572dda [2026-08-27T05:27:59.284299] Cell e5b1c835-d2ae-428e-89b2-46da66ae6d79 destroying container for instance 2d188781-f846-434d-a3af-633948270348 (STDOUT, STG)#
#2026 08 27 05:28:04.093#Z#DEBUG#01367556-a1d8-11f1-96fc-eeee0a992f5e.projectmanager-backend#flowable-async-job-executor-thread-7280#
[PollStageAppStatusExecution] 048b5ac7-6da8-4be5-90f9-088898572dda [2026-08-27T05:27:59.360205] Staging complete for build 2d188781-f846-434d-a3af-633948270348 (STDOUT, API)#
#2026 08 27 05:28:04.093#Z#DEBUG#01367556-a1d8-11f1-96fc-eeee0a992f5e.projectmanager-backend#flowable-async-job-executor-thread-7280#
[PollStageAppStatusExecution] 048b5ac7-6da8-4be5-90f9-088898572dda [2026-08-27T05:27:59.941440] Cell e5b1c835-d2ae-428e-89b2-46da66ae6d79 successfully destroyed container for instance 2d188781-f846-434d-a3af-633948270348 (STDOUT, STG)#
#2026 08 27 05:28:14.141#Z#DEBUG#01367556-a1d8-11f1-96fc-eeee0a992f5e.projectmanager-backend#flowable-async-job-executor-thread-7286#
[PollStartAppStatusExecution] 048b5ac7-6da8-4be5-90f9-088898572dda [2026-08-27T05:28:04.185740] Updated app with guid 048b5ac7-6da8-4be5-90f9-088898572dda ({:droplet_guid=>"2ed64952-26f9-4f36-9aa5-fb7413341019"}) (STDOUT, API)#
#2026 08 27 05:28:14.141#Z#DEBUG#01367556-a1d8-11f1-96fc-eeee0a992f5e.projectmanager-backend#flowable-async-job-executor-thread-7286#
[PollStartAppStatusExecution] 048b5ac7-6da8-4be5-90f9-088898572dda [2026-08-27T05:28:04.432383] Creating revision for app with guid 048b5ac7-6da8-4be5-90f9-088898572dda (STDOUT, API)#
#2026 08 27 05:28:14.141#Z#DEBUG#01367556-a1d8-11f1-96fc-eeee0a992f5e.projectmanager-backend#flowable-async-job-executor-thread-7286#
[PollStartAppStatusExecution] 048b5ac7-6da8-4be5-90f9-088898572dda [2026-08-27T05:28:04.494081] Starting app with guid 048b5ac7-6da8-4be5-90f9-088898572dda (STDOUT, API)#
#2026 08 27 05:28:14.141#Z#DEBUG#01367556-a1d8-11f1-96fc-eeee0a992f5e.projectmanager-backend#flowable-async-job-executor-thread-7286#
[PollStartAppStatusExecution] 048b5ac7-6da8-4be5-90f9-088898572dda [2026-08-27T05:28:04.791202] Cell f2912d40-8644-44cc-956f-4af79c9e130a creating container for instance 2b41c291-79ca-4b80-787d-bd21 (STDOUT, CELL)#
#2026 08 27 05:28:14.141#Z#DEBUG#01367556-a1d8-11f1-96fc-eeee0a992f5e.projectmanager-backend#flowable-async-job-executor-thread-7286#
[PollStartAppStatusExecution] 048b5ac7-6da8-4be5-90f9-088898572dda [2026-08-27T05:28:05.070882] Security group rules were updated (STDOUT, CELL)#
#2026 08 27 05:28:14.141#Z#DEBUG#01367556-a1d8-11f1-96fc-eeee0a992f5e.projectmanager-backend#flowable-async-job-executor-thread-7286#
[PollStartAppStatusExecution] 048b5ac7-6da8-4be5-90f9-088898572dda [2026-08-27T05:28:05.086049] Cell f2912d40-8644-44cc-956f-4af79c9e130a successfully created container for instance 2b41c291-79ca-4b80-787d-bd21 (STDOUT, CELL)#
#2026 08 27 05:28:14.141#Z#DEBUG#01367556-a1d8-11f1-96fc-eeee0a992f5e.projectmanager-backend#flowable-async-job-executor-thread-7286#
[PollStartAppStatusExecution] 048b5ac7-6da8-4be5-90f9-088898572dda [2026-08-27T05:28:05.562718] Downloading droplet... (STDOUT, CELL)#
#2026 08 27 05:28:14.141#Z#DEBUG#01367556-a1d8-11f1-96fc-eeee0a992f5e.projectmanager-backend#flowable-async-job-executor-thread-7286#
[PollStartAppStatusExecution] 048b5ac7-6da8-4be5-90f9-088898572dda [2026-08-27T05:28:05.885804] Downloaded droplet (3.7M) (STDOUT, CELL)#
#2026 08 27 05:28:14.141#Z#DEBUG#01367556-a1d8-11f1-96fc-eeee0a992f5e.projectmanager-backend#flowable-async-job-executor-thread-7286#
[PollStartAppStatusExecution] 048b5ac7-6da8-4be5-90f9-088898572dda [2026-08-27T05:28:05.885925] Starting health monitoring of container (STDOUT, CELL)#
#2026 08 27 05:28:14.141#Z#DEBUG#01367556-a1d8-11f1-96fc-eeee0a992f5e.projectmanager-backend#flowable-async-job-executor-thread-7286#
[PollStartAppStatusExecution] 048b5ac7-6da8-4be5-90f9-088898572dda [2026-08-27T05:28:05.948021] Invoking pre-start scripts. (STDOUT, APP/PROC/WEB)#
#2026 08 27 05:28:14.141#Z#DEBUG#01367556-a1d8-11f1-96fc-eeee0a992f5e.projectmanager-backend#flowable-async-job-executor-thread-7286#
[PollStartAppStatusExecution] 048b5ac7-6da8-4be5-90f9-088898572dda [2026-08-27T05:28:05.983296] Invoking start command. (STDOUT, APP/PROC/WEB)#
#2026 08 27 05:28:14.141#Z#DEBUG#01367556-a1d8-11f1-96fc-eeee0a992f5e.projectmanager-backend#flowable-async-job-executor-thread-7286#
[PollStartAppStatusExecution] 048b5ac7-6da8-4be5-90f9-088898572dda [2026-08-27T05:28:05.989711] Listening for requests on http://[::1]:8080/ (STDOUT, APP/PROC/WEB)#
#2026 08 27 05:28:14.141#Z#DEBUG#01367556-a1d8-11f1-96fc-eeee0a992f5e.projectmanager-backend#flowable-async-job-executor-thread-7286#
[PollStartAppStatusExecution] 048b5ac7-6da8-4be5-90f9-088898572dda [2026-08-27T05:28:05.989737] Listening for requests on http://127.0.0.1:8080/ (STDOUT, APP/PROC/WEB)#
#2026 08 27 05:29:14.211#Z#DEBUG#01367556-a1d8-11f1-96fc-eeee0a992f5e.projectmanager-backend#flowable-async-job-executor-thread-7310#
[PollStartAppStatusExecution] 048b5ac7-6da8-4be5-90f9-088898572dda [2026-08-27T05:29:06.093769] Timed out after 1m0s (30 attempts) waiting for startup check to succeed: failed to make TCP connection to 10.157.46.66:8080: dial tcp 10.157.46.66:8080: connect: connection refused (STDERR, HEALTH)#
#2026 08 27 05:29:14.211#Z#DEBUG#01367556-a1d8-11f1-96fc-eeee0a992f5e.projectmanager-backend#flowable-async-job-executor-thread-7310#
[PollStartAppStatusExecution] 048b5ac7-6da8-4be5-90f9-088898572dda [2026-08-27T05:29:06.093776] Failed after 1m0.208s: startup health check never passed. (STDERR, CELL)#
#2026 08 27 05:29:14.211#Z#DEBUG#01367556-a1d8-11f1-96fc-eeee0a992f5e.projectmanager-backend#flowable-async-job-executor-thread-7310#
[PollStartAppStatusExecution] 048b5ac7-6da8-4be5-90f9-088898572dda [2026-08-27T05:29:06.094055] Received signal 15. Shutting down. (STDOUT, APP/PROC/WEB)#
#2026 08 27 05:29:14.211#Z#DEBUG#01367556-a1d8-11f1-96fc-eeee0a992f5e.projectmanager-backend#flowable-async-job-executor-thread-7310#
[PollStartAppStatusExecution] 048b5ac7-6da8-4be5-90f9-088898572dda [2026-08-27T05:29:06.094360] Warning (thread: main): leaking eventcore driver because there are still active handles (STDERR, APP/PROC/WEB)#
#2026 08 27 05:29:14.211#Z#DEBUG#01367556-a1d8-11f1-96fc-eeee0a992f5e.projectmanager-backend#flowable-async-job-executor-thread-7310#
[PollStartAppStatusExecution] 048b5ac7-6da8-4be5-90f9-088898572dda [2026-08-27T05:29:06.094389] FD 6 (streamListen) (STDERR, APP/PROC/WEB)#
#2026 08 27 05:29:14.211#Z#DEBUG#01367556-a1d8-11f1-96fc-eeee0a992f5e.projectmanager-backend#flowable-async-job-executor-thread-7310#
[PollStartAppStatusExecution] 048b5ac7-6da8-4be5-90f9-088898572dda [2026-08-27T05:29:06.094391] FD 7 (streamListen) (STDERR, APP/PROC/WEB)#
#2026 08 27 05:29:14.211#Z#DEBUG#01367556-a1d8-11f1-96fc-eeee0a992f5e.projectmanager-backend#flowable-async-job-executor-thread-7310#
[PollStartAppStatusExecution] 048b5ac7-6da8-4be5-90f9-088898572dda [2026-08-27T05:29:06.094474] Use '-debug=EventCoreLeakTrace' to show where the instantiation happened (STDERR, APP/PROC/WEB)#
#2026 08 27 05:29:14.211#Z#DEBUG#01367556-a1d8-11f1-96fc-eeee0a992f5e.projectmanager-backend#flowable-async-job-executor-thread-7310#
[PollStartAppStatusExecution] 048b5ac7-6da8-4be5-90f9-088898572dda [2026-08-27T05:29:06.094587] Warning (thread: main): leaking eventcore driver because there are still active handles (STDERR, APP/PROC/WEB)#
#2026 08 27 05:29:14.211#Z#DEBUG#01367556-a1d8-11f1-96fc-eeee0a992f5e.projectmanager-backend#flowable-async-job-executor-thread-7310#
[PollStartAppStatusExecution] 048b5ac7-6da8-4be5-90f9-088898572dda [2026-08-27T05:29:06.094621] FD 6 (streamListen) (STDERR, APP/PROC/WEB)#
#2026 08 27 05:29:14.211#Z#DEBUG#01367556-a1d8-11f1-96fc-eeee0a992f5e.projectmanager-backend#flowable-async-job-executor-thread-7310#
[PollStartAppStatusExecution] 048b5ac7-6da8-4be5-90f9-088898572dda [2026-08-27T05:29:06.094627] FD 7 (streamListen) (STDERR, APP/PROC/WEB)#
#2026 08 27 05:29:14.211#Z#DEBUG#01367556-a1d8-11f1-96fc-eeee0a992f5e.projectmanager-backend#flowable-async-job-executor-thread-7310#
[PollStartAppStatusExecution] 048b5ac7-6da8-4be5-90f9-088898572dda [2026-08-27T05:29:06.094646] Use '-debug=EventCoreLeakTrace' to show where the instantiation happened (STDERR, APP/PROC/WEB)#
#2026 08 27 05:29:14.211#Z#DEBUG#01367556-a1d8-11f1-96fc-eeee0a992f5e.projectmanager-backend#flowable-async-job-executor-thread-7310#
[PollStartAppStatusExecution] 048b5ac7-6da8-4be5-90f9-088898572dda [2026-08-27T05:29:06.096987] Exit status 0 (STDOUT, APP/PROC/WEB)#
#2026 08 27 05:29:14.211#Z#DEBUG#01367556-a1d8-11f1-96fc-eeee0a992f5e.projectmanager-backend#flowable-async-job-executor-thread-7310#
[PollStartAppStatusExecution] 048b5ac7-6da8-4be5-90f9-088898572dda [2026-08-27T05:29:11.448237] Cell f2912d40-8644-44cc-956f-4af79c9e130a stopping instance 2b41c291-79ca-4b80-787d-bd21 (STDOUT, CELL)#
#2026 08 27 05:29:14.211#Z#DEBUG#01367556-a1d8-11f1-96fc-eeee0a992f5e.projectmanager-backend#flowable-async-job-executor-thread-7310#
[PollStartAppStatusExecution] 048b5ac7-6da8-4be5-90f9-088898572dda [2026-08-27T05:29:11.448271] Cell f2912d40-8644-44cc-956f-4af79c9e130a destroying container for instance 2b41c291-79ca-4b80-787d-bd21 (STDOUT, CELL)#
#2026 08 27 05:29:14.211#Z#DEBUG#01367556-a1d8-11f1-96fc-eeee0a992f5e.projectmanager-backend#flowable-async-job-executor-thread-7310#
[PollStartAppStatusExecution] 048b5ac7-6da8-4be5-90f9-088898572dda [2026-08-27T05:29:11.459084] Process has crashed with type: "web" (STDOUT, API)#
#2026 08 27 05:29:14.211#Z#DEBUG#01367556-a1d8-11f1-96fc-eeee0a992f5e.projectmanager-backend#flowable-async-job-executor-thread-7310#
[PollStartAppStatusExecution] 048b5ac7-6da8-4be5-90f9-088898572dda [2026-08-27T05:29:11.480423] App instance exited with guid 048b5ac7-6da8-4be5-90f9-088898572dda payload: {"instance"=>"2b41c291-79ca-4b80-787d-bd21", "index"=>0, "cell_id"=>"f2912d40-8644-44cc-956f-4af79c9e130a", "reason"=>"CRASHED", "exit_description"=>"Instance never healthy after 1m0.208s: Timed out after 1m0s (30 attempts) waiting for startup check to succeed: failed to make TCP connection to 10.157.46.66:8080: dial tcp 10.157.46.66:8080: connect: connection refused", "crash_count"=>1, "crash_timestamp"=>1787808551417936284, "version"=>"19c244ab-63c8-4cb9-8eb1-2db797845355"} (STDOUT, API)#
#2026 08 27 05:29:14.211#Z#DEBUG#01367556-a1d8-11f1-96fc-eeee0a992f5e.projectmanager-backend#flowable-async-job-executor-thread-7310#
[PollStartAppStatusExecution] 048b5ac7-6da8-4be5-90f9-088898572dda [2026-08-27T05:29:11.527028] Exit status 137 (STDOUT, PROXY)#
#2026 08 27 05:29:14.211#Z#DEBUG#01367556-a1d8-11f1-96fc-eeee0a992f5e.projectmanager-backend#flowable-async-job-executor-thread-7310#
[PollStartAppStatusExecution] 048b5ac7-6da8-4be5-90f9-088898572dda [2026-08-27T05:29:11.589281] Cell 61eb8dde-1ac6-42d5-97c9-4fc6e0115796 creating container for instance b16c741c-63c4-472c-7074-d6a4 (STDOUT, CELL)#
#2026 08 27 05:29:14.211#Z#DEBUG#01367556-a1d8-11f1-96fc-eeee0a992f5e.projectmanager-backend#flowable-async-job-executor-thread-7310#
[PollStartAppStatusExecution] 048b5ac7-6da8-4be5-90f9-088898572dda [2026-08-27T05:29:11.914239] Security group rules were updated (STDOUT, CELL)#
#2026 08 27 05:29:14.211#Z#DEBUG#01367556-a1d8-11f1-96fc-eeee0a992f5e.projectmanager-backend#flowable-async-job-executor-thread-7310#
[PollStartAppStatusExecution] 048b5ac7-6da8-4be5-90f9-088898572dda [2026-08-27T05:29:11.932001] Cell 61eb8dde-1ac6-42d5-97c9-4fc6e0115796 successfully created container for instance b16c741c-63c4-472c-7074-d6a4 (STDOUT, CELL)#
#2026 08 27 05:29:14.211#Z#DEBUG#01367556-a1d8-11f1-96fc-eeee0a992f5e.projectmanager-backend#flowable-async-job-executor-thread-7310#
[PollStartAppStatusExecution] 048b5ac7-6da8-4be5-90f9-088898572dda [2026-08-27T05:29:12.000630] Cell f2912d40-8644-44cc-956f-4af79c9e130a successfully destroyed container for instance 2b41c291-79ca-4b80-787d-bd21 (STDOUT, CELL)#
#2026 08 27 05:29:14.211#Z#DEBUG#01367556-a1d8-11f1-96fc-eeee0a992f5e.projectmanager-backend#flowable-async-job-executor-thread-7310#
[PollStartAppStatusExecution] 048b5ac7-6da8-4be5-90f9-088898572dda [2026-08-27T05:29:12.771236] Downloading droplet... (STDOUT, CELL)#
#2026 08 27 05:29:14.211#Z#DEBUG#01367556-a1d8-11f1-96fc-eeee0a992f5e.projectmanager-backend#flowable-async-job-executor-thread-7310#
[PollStartAppStatusExecution] 048b5ac7-6da8-4be5-90f9-088898572dda [2026-08-27T05:29:13.134931] Downloaded droplet (3.7M) (STDOUT, CELL)#
#2026 08 27 05:29:14.211#Z#DEBUG#01367556-a1d8-11f1-96fc-eeee0a992f5e.projectmanager-backend#flowable-async-job-executor-thread-7310#
[PollStartAppStatusExecution] 048b5ac7-6da8-4be5-90f9-088898572dda [2026-08-27T05:29:13.135040] Starting health monitoring of container (STDOUT, CELL)#
#2026 08 27 05:29:14.211#Z#DEBUG#01367556-a1d8-11f1-96fc-eeee0a992f5e.projectmanager-backend#flowable-async-job-executor-thread-7310#
[PollStartAppStatusExecution] 048b5ac7-6da8-4be5-90f9-088898572dda [2026-08-27T05:29:13.204713] Invoking pre-start scripts. (STDOUT, APP/PROC/WEB)#
#2026 08 27 05:29:14.211#Z#DEBUG#01367556-a1d8-11f1-96fc-eeee0a992f5e.projectmanager-backend#flowable-async-job-executor-thread-7310#
[PollStartAppStatusExecution] 048b5ac7-6da8-4be5-90f9-088898572dda [2026-08-27T05:29:13.231152] Invoking start command. (STDOUT, APP/PROC/WEB)#
#2026 08 27 05:29:14.211#Z#DEBUG#01367556-a1d8-11f1-96fc-eeee0a992f5e.projectmanager-backend#flowable-async-job-executor-thread-7310#
[PollStartAppStatusExecution] 048b5ac7-6da8-4be5-90f9-088898572dda [2026-08-27T05:29:13.237803] Listening for requests on http://[::1]:8080/ (STDOUT, APP/PROC/WEB)#
#2026 08 27 05:29:14.211#Z#DEBUG#01367556-a1d8-11f1-96fc-eeee0a992f5e.projectmanager-backend#flowable-async-job-executor-thread-7310#
[PollStartAppStatusExecution] 048b5ac7-6da8-4be5-90f9-088898572dda [2026-08-27T05:29:13.237817] Listening for requests on http://127.0.0.1:8080/ (STDOUT, APP/PROC/WEB)#
#2026 08 27 05:30:14.210#Z#DEBUG#01367556-a1d8-11f1-96fc-eeee0a992f5e.projectmanager-backend#flowable-async-job-executor-thread-7322#
[PollStartAppStatusExecution] 048b5ac7-6da8-4be5-90f9-088898572dda [2026-08-27T05:30:13.325867] Timed out after 1m0s (30 attempts) waiting for startup check to succeed: failed to make TCP connection to 10.128.192.132:8080: dial tcp 10.128.192.132:8080: connect: connection refused (STDERR, HEALTH)#
#2026 08 27 05:30:14.210#Z#DEBUG#01367556-a1d8-11f1-96fc-eeee0a992f5e.projectmanager-backend#flowable-async-job-executor-thread-7322#
[PollStartAppStatusExecution] 048b5ac7-6da8-4be5-90f9-088898572dda [2026-08-27T05:30:13.325874] Failed after 1m0.191s: startup health check never passed. (STDERR, CELL)#
#2026 08 27 05:30:14.210#Z#DEBUG#01367556-a1d8-11f1-96fc-eeee0a992f5e.projectmanager-backend#flowable-async-job-executor-thread-7322#
[PollStartAppStatusExecution] 048b5ac7-6da8-4be5-90f9-088898572dda [2026-08-27T05:30:13.326229] Received signal 15. Shutting down. (STDOUT, APP/PROC/WEB)#
#2026 08 27 05:30:14.210#Z#DEBUG#01367556-a1d8-11f1-96fc-eeee0a992f5e.projectmanager-backend#flowable-async-job-executor-thread-7322#
[PollStartAppStatusExecution] 048b5ac7-6da8-4be5-90f9-088898572dda [2026-08-27T05:30:13.326475] Warning (thread: main): leaking eventcore driver because there are still active handles (STDERR, APP/PROC/WEB)#
#2026 08 27 05:30:14.210#Z#DEBUG#01367556-a1d8-11f1-96fc-eeee0a992f5e.projectmanager-backend#flowable-async-job-executor-thread-7322#
[PollStartAppStatusExecution] 048b5ac7-6da8-4be5-90f9-088898572dda [2026-08-27T05:30:13.326488] FD 6 (streamListen) (STDERR, APP/PROC/WEB)#
#2026 08 27 05:30:14.210#Z#DEBUG#01367556-a1d8-11f1-96fc-eeee0a992f5e.projectmanager-backend#flowable-async-job-executor-thread-7322#
[PollStartAppStatusExecution] 048b5ac7-6da8-4be5-90f9-088898572dda [2026-08-27T05:30:13.326490] FD 7 (streamListen) (STDERR, APP/PROC/WEB)#
#2026 08 27 05:30:14.210#Z#DEBUG#01367556-a1d8-11f1-96fc-eeee0a992f5e.projectmanager-backend#flowable-async-job-executor-thread-7322#
[PollStartAppStatusExecution] 048b5ac7-6da8-4be5-90f9-088898572dda [2026-08-27T05:30:13.326539] Use '-debug=EventCoreLeakTrace' to show where the instantiation happened (STDERR, APP/PROC/WEB)#
#2026 08 27 05:30:14.210#Z#DEBUG#01367556-a1d8-11f1-96fc-eeee0a992f5e.projectmanager-backend#flowable-async-job-executor-thread-7322#
[PollStartAppStatusExecution] 048b5ac7-6da8-4be5-90f9-088898572dda [2026-08-27T05:30:13.326700] Warning (thread: main): leaking eventcore driver because there are still active handles (STDERR, APP/PROC/WEB)#
#2026 08 27 05:30:14.210#Z#DEBUG#01367556-a1d8-11f1-96fc-eeee0a992f5e.projectmanager-backend#flowable-async-job-executor-thread-7322#
[PollStartAppStatusExecution] 048b5ac7-6da8-4be5-90f9-088898572dda [2026-08-27T05:30:13.326745] FD 6 (streamListen) (STDERR, APP/PROC/WEB)#
#2026 08 27 05:30:14.210#Z#DEBUG#01367556-a1d8-11f1-96fc-eeee0a992f5e.projectmanager-backend#flowable-async-job-executor-thread-7322#
[PollStartAppStatusExecution] 048b5ac7-6da8-4be5-90f9-088898572dda [2026-08-27T05:30:13.326752] FD 7 (streamListen) (STDERR, APP/PROC/WEB)#
#2026 08 27 05:30:14.210#Z#DEBUG#01367556-a1d8-11f1-96fc-eeee0a992f5e.projectmanager-backend#flowable-async-job-executor-thread-7322#
[PollStartAppStatusExecution] 048b5ac7-6da8-4be5-90f9-088898572dda [2026-08-27T05:30:13.326854] Use '-debug=EventCoreLeakTrace' to show where the instantiation happened (STDERR, APP/PROC/WEB)#
#2026 08 27 05:30:14.210#Z#DEBUG#01367556-a1d8-11f1-96fc-eeee0a992f5e.projectmanager-backend#flowable-async-job-executor-thread-7322#
[PollStartAppStatusExecution] 048b5ac7-6da8-4be5-90f9-088898572dda [2026-08-27T05:30:13.330478] Exit status 0 (STDOUT, APP/PROC/WEB)#
#2026 08 27 05:30:24.228#Z#DEBUG#01367556-a1d8-11f1-96fc-eeee0a992f5e.projectmanager-backend#flowable-async-job-executor-thread-7324#
[PollStartAppStatusExecution] 048b5ac7-6da8-4be5-90f9-088898572dda [2026-08-27T05:30:18.991966] Cell 61eb8dde-1ac6-42d5-97c9-4fc6e0115796 stopping instance b16c741c-63c4-472c-7074-d6a4 (STDOUT, CELL)#
#2026 08 27 05:30:24.228#Z#DEBUG#01367556-a1d8-11f1-96fc-eeee0a992f5e.projectmanager-backend#flowable-async-job-executor-thread-7324#
[PollStartAppStatusExecution] 048b5ac7-6da8-4be5-90f9-088898572dda [2026-08-27T05:30:18.992002] Cell 61eb8dde-1ac6-42d5-97c9-4fc6e0115796 destroying container for instance b16c741c-63c4-472c-7074-d6a4 (STDOUT, CELL)#
#2026 08 27 05:30:24.228#Z#DEBUG#01367556-a1d8-11f1-96fc-eeee0a992f5e.projectmanager-backend#flowable-async-job-executor-thread-7324#
[PollStartAppStatusExecution] 048b5ac7-6da8-4be5-90f9-088898572dda [2026-08-27T05:30:18.994486] Process has crashed with type: "web" (STDOUT, API)#
#2026 08 27 05:30:24.228#Z#DEBUG#01367556-a1d8-11f1-96fc-eeee0a992f5e.projectmanager-backend#flowable-async-job-executor-thread-7324#
[PollStartAppStatusExecution] 048b5ac7-6da8-4be5-90f9-088898572dda [2026-08-27T05:30:19.013083] App instance exited with guid 048b5ac7-6da8-4be5-90f9-088898572dda payload: {"instance"=>"b16c741c-63c4-472c-7074-d6a4", "index"=>0, "cell_id"=>"61eb8dde-1ac6-42d5-97c9-4fc6e0115796", "reason"=>"CRASHED", "exit_description"=>"Instance never healthy after 1m0.191s: Timed out after 1m0s (30 attempts) waiting for startup check to succeed: failed to make TCP connection to 10.128.192.132:8080: dial tcp 10.128.192.132:8080: connect: connection refused", "crash_count"=>2, "crash_timestamp"=>1787808618962951316, "version"=>"19c244ab-63c8-4cb9-8eb1-2db797845355"} (STDOUT, API)#
#2026 08 27 05:30:24.228#Z#DEBUG#01367556-a1d8-11f1-96fc-eeee0a992f5e.projectmanager-backend#flowable-async-job-executor-thread-7324#
[PollStartAppStatusExecution] 048b5ac7-6da8-4be5-90f9-088898572dda [2026-08-27T05:30:19.077044] Cell f2912d40-8644-44cc-956f-4af79c9e130a creating container for instance 3cf50145-9e45-42ad-6ea9-71c1 (STDOUT, CELL)#
#2026 08 27 05:30:24.228#Z#DEBUG#01367556-a1d8-11f1-96fc-eeee0a992f5e.projectmanager-backend#flowable-async-job-executor-thread-7324#
[PollStartAppStatusExecution] 048b5ac7-6da8-4be5-90f9-088898572dda [2026-08-27T05:30:19.108410] Exit status 137 (STDOUT, PROXY)#
#2026 08 27 05:30:24.228#Z#DEBUG#01367556-a1d8-11f1-96fc-eeee0a992f5e.projectmanager-backend#flowable-async-job-executor-thread-7324#
[PollStartAppStatusExecution] 048b5ac7-6da8-4be5-90f9-088898572dda [2026-08-27T05:30:19.362631] Security group rules were updated (STDOUT, CELL)#
#2026 08 27 05:30:24.228#Z#DEBUG#01367556-a1d8-11f1-96fc-eeee0a992f5e.projectmanager-backend#flowable-async-job-executor-thread-7324#
[PollStartAppStatusExecution] 048b5ac7-6da8-4be5-90f9-088898572dda [2026-08-27T05:30:19.378901] Cell f2912d40-8644-44cc-956f-4af79c9e130a successfully created container for instance 3cf50145-9e45-42ad-6ea9-71c1 (STDOUT, CELL)#
#2026 08 27 05:30:24.228#Z#DEBUG#01367556-a1d8-11f1-96fc-eeee0a992f5e.projectmanager-backend#flowable-async-job-executor-thread-7324#
[PollStartAppStatusExecution] 048b5ac7-6da8-4be5-90f9-088898572dda [2026-08-27T05:30:19.497507] Cell 61eb8dde-1ac6-42d5-97c9-4fc6e0115796 successfully destroyed container for instance b16c741c-63c4-472c-7074-d6a4 (STDOUT, CELL)#
#2026 08 27 05:30:24.228#Z#DEBUG#01367556-a1d8-11f1-96fc-eeee0a992f5e.projectmanager-backend#flowable-async-job-executor-thread-7324#
[PollStartAppStatusExecution] 048b5ac7-6da8-4be5-90f9-088898572dda [2026-08-27T05:30:19.606599] Downloading droplet... (STDOUT, CELL)#
#2026 08 27 05:30:24.228#Z#DEBUG#01367556-a1d8-11f1-96fc-eeee0a992f5e.projectmanager-backend#flowable-async-job-executor-thread-7324#
[PollStartAppStatusExecution] 048b5ac7-6da8-4be5-90f9-088898572dda [2026-08-27T05:30:19.797689] Downloaded droplet (STDOUT, CELL)#
#2026 08 27 05:30:24.228#Z#DEBUG#01367556-a1d8-11f1-96fc-eeee0a992f5e.projectmanager-backend#flowable-async-job-executor-thread-7324#
[PollStartAppStatusExecution] 048b5ac7-6da8-4be5-90f9-088898572dda [2026-08-27T05:30:19.797810] Starting health monitoring of container (STDOUT, CELL)#
#2026 08 27 05:30:24.228#Z#DEBUG#01367556-a1d8-11f1-96fc-eeee0a992f5e.projectmanager-backend#flowable-async-job-executor-thread-7324#
[PollStartAppStatusExecution] 048b5ac7-6da8-4be5-90f9-088898572dda [2026-08-27T05:30:19.862294] Invoking pre-start scripts. (STDOUT, APP/PROC/WEB)#
#2026 08 27 05:30:24.228#Z#DEBUG#01367556-a1d8-11f1-96fc-eeee0a992f5e.projectmanager-backend#flowable-async-job-executor-thread-7324#
[PollStartAppStatusExecution] 048b5ac7-6da8-4be5-90f9-088898572dda [2026-08-27T05:30:19.892087] Invoking start command. (STDOUT, APP/PROC/WEB)#
#2026 08 27 05:30:24.228#Z#DEBUG#01367556-a1d8-11f1-96fc-eeee0a992f5e.projectmanager-backend#flowable-async-job-executor-thread-7324#
[PollStartAppStatusExecution] 048b5ac7-6da8-4be5-90f9-088898572dda [2026-08-27T05:30:19.897988] Listening for requests on http://[::1]:8080/ (STDOUT, APP/PROC/WEB)#
#2026 08 27 05:30:24.228#Z#DEBUG#01367556-a1d8-11f1-96fc-eeee0a992f5e.projectmanager-backend#flowable-async-job-executor-thread-7324#
[PollStartAppStatusExecution] 048b5ac7-6da8-4be5-90f9-088898572dda [2026-08-27T05:30:19.898007] Listening for requests on http://127.0.0.1:8080/ (STDOUT, APP/PROC/WEB)#
#2026 08 27 05:31:24.281#Z#DEBUG#01367556-a1d8-11f1-96fc-eeee0a992f5e.projectmanager-backend#flowable-async-job-executor-thread-7336#
[PollStartAppStatusExecution] 048b5ac7-6da8-4be5-90f9-088898572dda [2026-08-27T05:31:19.990125] Timed out after 1m0s (30 attempts) waiting for startup check to succeed: failed to make TCP connection to 10.157.46.70:8080: dial tcp 10.157.46.70:8080: connect: connection refused (STDERR, HEALTH)#
#2026 08 27 05:31:24.281#Z#DEBUG#01367556-a1d8-11f1-96fc-eeee0a992f5e.projectmanager-backend#flowable-async-job-executor-thread-7336#
[PollStartAppStatusExecution] 048b5ac7-6da8-4be5-90f9-088898572dda [2026-08-27T05:31:19.990135] Failed after 1m0.192s: startup health check never passed. (STDERR, CELL)#
#2026 08 27 05:31:24.281#Z#DEBUG#01367556-a1d8-11f1-96fc-eeee0a992f5e.projectmanager-backend#flowable-async-job-executor-thread-7336#
[PollStartAppStatusExecution] 048b5ac7-6da8-4be5-90f9-088898572dda [2026-08-27T05:31:19.990477] Received signal 15. Shutting down. (STDOUT, APP/PROC/WEB)#
#2026 08 27 05:31:24.281#Z#DEBUG#01367556-a1d8-11f1-96fc-eeee0a992f5e.projectmanager-backend#flowable-async-job-executor-thread-7336#
[PollStartAppStatusExecution] 048b5ac7-6da8-4be5-90f9-088898572dda [2026-08-27T05:31:19.990733] Warning (thread: main): leaking eventcore driver because there are still active handles (STDERR, APP/PROC/WEB)#
#2026 08 27 05:31:24.281#Z#DEBUG#01367556-a1d8-11f1-96fc-eeee0a992f5e.projectmanager-backend#flowable-async-job-executor-thread-7336#
[PollStartAppStatusExecution] 048b5ac7-6da8-4be5-90f9-088898572dda [2026-08-27T05:31:19.990771] FD 6 (streamListen) (STDERR, APP/PROC/WEB)#
#2026 08 27 05:31:24.281#Z#DEBUG#01367556-a1d8-11f1-96fc-eeee0a992f5e.projectmanager-backend#flowable-async-job-executor-thread-7336#
[PollStartAppStatusExecution] 048b5ac7-6da8-4be5-90f9-088898572dda [2026-08-27T05:31:19.990774] FD 7 (streamListen) (STDERR, APP/PROC/WEB)#
#2026 08 27 05:31:24.281#Z#DEBUG#01367556-a1d8-11f1-96fc-eeee0a992f5e.projectmanager-backend#flowable-async-job-executor-thread-7336#
[PollStartAppStatusExecution] 048b5ac7-6da8-4be5-90f9-088898572dda [2026-08-27T05:31:19.990843] Use '-debug=EventCoreLeakTrace' to show where the instantiation happened (STDERR, APP/PROC/WEB)#
#2026 08 27 05:31:24.281#Z#DEBUG#01367556-a1d8-11f1-96fc-eeee0a992f5e.projectmanager-backend#flowable-async-job-executor-thread-7336#
[PollStartAppStatusExecution] 048b5ac7-6da8-4be5-90f9-088898572dda [2026-08-27T05:31:19.990961] Warning (thread: main): leaking eventcore driver because there are still active handles (STDERR, APP/PROC/WEB)#
#2026 08 27 05:31:24.281#Z#DEBUG#01367556-a1d8-11f1-96fc-eeee0a992f5e.projectmanager-backend#flowable-async-job-executor-thread-7336#
[PollStartAppStatusExecution] 048b5ac7-6da8-4be5-90f9-088898572dda [2026-08-27T05:31:19.990998] FD 6 (streamListen) (STDERR, APP/PROC/WEB)#
#2026 08 27 05:31:24.281#Z#DEBUG#01367556-a1d8-11f1-96fc-eeee0a992f5e.projectmanager-backend#flowable-async-job-executor-thread-7336#
[PollStartAppStatusExecution] 048b5ac7-6da8-4be5-90f9-088898572dda [2026-08-27T05:31:19.991001] FD 7 (streamListen) (STDERR, APP/PROC/WEB)#
#2026 08 27 05:31:24.281#Z#DEBUG#01367556-a1d8-11f1-96fc-eeee0a992f5e.projectmanager-backend#flowable-async-job-executor-thread-7336#
[PollStartAppStatusExecution] 048b5ac7-6da8-4be5-90f9-088898572dda [2026-08-27T05:31:19.991078] Use '-debug=EventCoreLeakTrace' to show where the instantiation happened (STDERR, APP/PROC/WEB)#
#2026 08 27 05:31:24.281#Z#DEBUG#01367556-a1d8-11f1-96fc-eeee0a992f5e.projectmanager-backend#flowable-async-job-executor-thread-7336#
[PollStartAppStatusExecution] 048b5ac7-6da8-4be5-90f9-088898572dda [2026-08-27T05:31:19.993329] Exit status 0 (STDOUT, APP/PROC/WEB)#
#2026 08 27 05:31:34.295#Z#DEBUG#01367556-a1d8-11f1-96fc-eeee0a992f5e.projectmanager-backend#flowable-async-job-executor-thread-7338#
[PollStartAppStatusExecution] 048b5ac7-6da8-4be5-90f9-088898572dda [2026-08-27T05:31:25.672250] Cell f2912d40-8644-44cc-956f-4af79c9e130a stopping instance 3cf50145-9e45-42ad-6ea9-71c1 (STDOUT, CELL)#
#2026 08 27 05:31:34.295#Z#DEBUG#01367556-a1d8-11f1-96fc-eeee0a992f5e.projectmanager-backend#flowable-async-job-executor-thread-7338#
[PollStartAppStatusExecution] 048b5ac7-6da8-4be5-90f9-088898572dda [2026-08-27T05:31:25.672278] Cell f2912d40-8644-44cc-956f-4af79c9e130a destroying container for instance 3cf50145-9e45-42ad-6ea9-71c1 (STDOUT, CELL)#
#2026 08 27 05:31:34.296#Z#DEBUG#01367556-a1d8-11f1-96fc-eeee0a992f5e.projectmanager-backend#flowable-async-job-executor-thread-7338#
[PollStartAppStatusExecution] 048b5ac7-6da8-4be5-90f9-088898572dda [2026-08-27T05:31:25.695639] Process has crashed with type: "web" (STDOUT, API)#
#2026 08 27 05:31:34.296#Z#DEBUG#01367556-a1d8-11f1-96fc-eeee0a992f5e.projectmanager-backend#flowable-async-job-executor-thread-7338#
[PollStartAppStatusExecution] 048b5ac7-6da8-4be5-90f9-088898572dda [2026-08-27T05:31:25.712869] App instance exited with guid 048b5ac7-6da8-4be5-90f9-088898572dda payload: {"instance"=>"3cf50145-9e45-42ad-6ea9-71c1", "index"=>0, "cell_id"=>"f2912d40-8644-44cc-956f-4af79c9e130a", "reason"=>"CRASHED", "exit_description"=>"Instance never healthy after 1m0.192s: Timed out after 1m0s (30 attempts) waiting for startup check to succeed: failed to make TCP connection to 10.157.46.70:8080: dial tcp 10.157.46.70:8080: connect: connection refused", "crash_count"=>3, "crash_timestamp"=>1787808685666862841, "version"=>"19c244ab-63c8-4cb9-8eb1-2db797845355"} (STDOUT, API)#
#2026 08 27 05:31:34.296#Z#DEBUG#01367556-a1d8-11f1-96fc-eeee0a992f5e.projectmanager-backend#flowable-async-job-executor-thread-7338#
[PollStartAppStatusExecution] 048b5ac7-6da8-4be5-90f9-088898572dda [2026-08-27T05:31:25.749981] Exit status 137 (STDOUT, PROXY)#
#2026 08 27 05:31:34.296#Z#DEBUG#01367556-a1d8-11f1-96fc-eeee0a992f5e.projectmanager-backend#flowable-async-job-executor-thread-7338#
[PollStartAppStatusExecution] 048b5ac7-6da8-4be5-90f9-088898572dda [2026-08-27T05:31:26.201517] Cell f2912d40-8644-44cc-956f-4af79c9e130a successfully destroyed container for instance 3cf50145-9e45-42ad-6ea9-71c1 (STDOUT, CELL)#
#2026 08 27 05:31:44.281#Z#DEBUG#01367556-a1d8-11f1-96fc-eeee0a992f5e.projectmanager-backend#flowable-async-job-executor-thread-7341#
[PollStartAppStatusExecution] 048b5ac7-6da8-4be5-90f9-088898572dda [2026-08-27T05:31:25.672250] Cell f2912d40-8644-44cc-956f-4af79c9e130a stopping instance 3cf50145-9e45-42ad-6ea9-71c1 (STDOUT, CELL)#
#2026 08 27 05:31:44.281#Z#DEBUG#01367556-a1d8-11f1-96fc-eeee0a992f5e.projectmanager-backend#flowable-async-job-executor-thread-7341#
[PollStartAppStatusExecution] 048b5ac7-6da8-4be5-90f9-088898572dda [2026-08-27T05:31:25.672278] Cell f2912d40-8644-44cc-956f-4af79c9e130a destroying container for instance 3cf50145-9e45-42ad-6ea9-71c1 (STDOUT, CELL)#
#2026 08 27 05:31:44.281#Z#DEBUG#01367556-a1d8-11f1-96fc-eeee0a992f5e.projectmanager-backend#flowable-async-job-executor-thread-7341#
[PollStartAppStatusExecution] 048b5ac7-6da8-4be5-90f9-088898572dda [2026-08-27T05:31:25.695639] Process has crashed with type: "web" (STDOUT, API)#
#2026 08 27 05:31:44.281#Z#DEBUG#01367556-a1d8-11f1-96fc-eeee0a992f5e.projectmanager-backend#flowable-async-job-executor-thread-7341#
[PollStartAppStatusExecution] 048b5ac7-6da8-4be5-90f9-088898572dda [2026-08-27T05:31:25.712869] App instance exited with guid 048b5ac7-6da8-4be5-90f9-088898572dda payload: {"instance"=>"3cf50145-9e45-42ad-6ea9-71c1", "index"=>0, "cell_id"=>"f2912d40-8644-44cc-956f-4af79c9e130a", "reason"=>"CRASHED", "exit_description"=>"Instance never healthy after 1m0.192s: Timed out after 1m0s (30 attempts) waiting for startup check to succeed: failed to make TCP connection to 10.157.46.70:8080: dial tcp 10.157.46.70:8080: connect: connection refused", "crash_count"=>3, "crash_timestamp"=>1787808685666862841, "version"=>"19c244ab-63c8-4cb9-8eb1-2db797845355"} (STDOUT, API)#
#2026 08 27 05:31:44.281#Z#DEBUG#01367556-a1d8-11f1-96fc-eeee0a992f5e.projectmanager-backend#flowable-async-job-executor-thread-7341#
[PollStartAppStatusExecution] 048b5ac7-6da8-4be5-90f9-088898572dda [2026-08-27T05:31:25.749981] Exit status 137 (STDOUT, PROXY)#
#2026 08 27 05:31:44.281#Z#DEBUG#01367556-a1d8-11f1-96fc-eeee0a992f5e.projectmanager-backend#flowable-async-job-executor-thread-7341#
[PollStartAppStatusExecution] 048b5ac7-6da8-4be5-90f9-088898572dda [2026-08-27T05:31:26.201517] Cell f2912d40-8644-44cc-956f-4af79c9e130a successfully destroyed container for instance 3cf50145-9e45-42ad-6ea9-71c1 (STDOUT, CELL)#
#2026 08 27 05:31:44.281#Z#DEBUG#01367556-a1d8-11f1-96fc-eeee0a992f5e.projectmanager-backend#flowable-async-job-executor-thread-7341#
[PollStartAppStatusExecution] 048b5ac7-6da8-4be5-90f9-088898572dda [2026-08-27T05:31:35.192633] Stopping app with guid 048b5ac7-6da8-4be5-90f9-088898572dda (STDOUT, API)#
#2026 08 27 05:31:44.281#Z#DEBUG#01367556-a1d8-11f1-96fc-eeee0a992f5e.projectmanager-backend#flowable-async-job-executor-thread-7341#
[PollStartAppStatusExecution] 048b5ac7-6da8-4be5-90f9-088898572dda [2026-08-27T05:31:35.423819] Starting app with guid 048b5ac7-6da8-4be5-90f9-088898572dda (STDOUT, API)#
#2026 08 27 05:31:44.281#Z#DEBUG#01367556-a1d8-11f1-96fc-eeee0a992f5e.projectmanager-backend#flowable-async-job-executor-thread-7341#
[PollStartAppStatusExecution] 048b5ac7-6da8-4be5-90f9-088898572dda [2026-08-27T05:31:35.641401] Cell f2912d40-8644-44cc-956f-4af79c9e130a creating container for instance 94ea7ca6-3736-4980-78f5-cfa4 (STDOUT, CELL)#
#2026 08 27 05:31:44.281#Z#DEBUG#01367556-a1d8-11f1-96fc-eeee0a992f5e.projectmanager-backend#flowable-async-job-executor-thread-7341#
[PollStartAppStatusExecution] 048b5ac7-6da8-4be5-90f9-088898572dda [2026-08-27T05:31:35.936576] Security group rules were updated (STDOUT, CELL)#
#2026 08 27 05:31:44.281#Z#DEBUG#01367556-a1d8-11f1-96fc-eeee0a992f5e.projectmanager-backend#flowable-async-job-executor-thread-7341#
[PollStartAppStatusExecution] 048b5ac7-6da8-4be5-90f9-088898572dda [2026-08-27T05:31:35.953835] Cell f2912d40-8644-44cc-956f-4af79c9e130a successfully created container for instance 94ea7ca6-3736-4980-78f5-cfa4 (STDOUT, CELL)#
#2026 08 27 05:31:44.281#Z#DEBUG#01367556-a1d8-11f1-96fc-eeee0a992f5e.projectmanager-backend#flowable-async-job-executor-thread-7341#
[PollStartAppStatusExecution] 048b5ac7-6da8-4be5-90f9-088898572dda [2026-08-27T05:31:36.621242] Downloading droplet... (STDOUT, CELL)#
#2026 08 27 05:31:44.281#Z#DEBUG#01367556-a1d8-11f1-96fc-eeee0a992f5e.projectmanager-backend#flowable-async-job-executor-thread-7341#
[PollStartAppStatusExecution] 048b5ac7-6da8-4be5-90f9-088898572dda [2026-08-27T05:31:36.944297] Downloaded droplet (3.7M) (STDOUT, CELL)#
#2026 08 27 05:31:44.281#Z#DEBUG#01367556-a1d8-11f1-96fc-eeee0a992f5e.projectmanager-backend#flowable-async-job-executor-thread-7341#
[PollStartAppStatusExecution] 048b5ac7-6da8-4be5-90f9-088898572dda [2026-08-27T05:31:36.944386] Starting health monitoring of container (STDOUT, CELL)#
#2026 08 27 05:31:44.281#Z#DEBUG#01367556-a1d8-11f1-96fc-eeee0a992f5e.projectmanager-backend#flowable-async-job-executor-thread-7341#
[PollStartAppStatusExecution] 048b5ac7-6da8-4be5-90f9-088898572dda [2026-08-27T05:31:37.008826] Invoking pre-start scripts. (STDOUT, APP/PROC/WEB)#
#2026 08 27 05:31:44.281#Z#DEBUG#01367556-a1d8-11f1-96fc-eeee0a992f5e.projectmanager-backend#flowable-async-job-executor-thread-7341#
[PollStartAppStatusExecution] 048b5ac7-6da8-4be5-90f9-088898572dda [2026-08-27T05:31:37.041060] Invoking start command. (STDOUT, APP/PROC/WEB)#
#2026 08 27 05:31:44.281#Z#DEBUG#01367556-a1d8-11f1-96fc-eeee0a992f5e.projectmanager-backend#flowable-async-job-executor-thread-7341#
[PollStartAppStatusExecution] 048b5ac7-6da8-4be5-90f9-088898572dda [2026-08-27T05:31:37.046526] Listening for requests on http://[::1]:8080/ (STDOUT, APP/PROC/WEB)#
#2026 08 27 05:31:44.281#Z#DEBUG#01367556-a1d8-11f1-96fc-eeee0a992f5e.projectmanager-backend#flowable-async-job-executor-thread-7341#
[PollStartAppStatusExecution] 048b5ac7-6da8-4be5-90f9-088898572dda [2026-08-27T05:31:37.046553] Listening for requests on http://127.0.0.1:8080/ (STDOUT, APP/PROC/WEB)#
#2026 08 27 05:32:44.357#Z#DEBUG#01367556-a1d8-11f1-96fc-eeee0a992f5e.projectmanager-backend#flowable-async-job-executor-thread-7353#
[PollStartAppStatusExecution] 048b5ac7-6da8-4be5-90f9-088898572dda [2026-08-27T05:32:37.136001] Timed out after 1m0s (30 attempts) waiting for startup check to succeed: failed to make TCP connection to 10.157.46.72:8080: dial tcp 10.157.46.72:8080: connect: connection refused (STDERR, HEALTH)#
#2026 08 27 05:32:44.357#Z#DEBUG#01367556-a1d8-11f1-96fc-eeee0a992f5e.projectmanager-backend#flowable-async-job-executor-thread-7353#
[PollStartAppStatusExecution] 048b5ac7-6da8-4be5-90f9-088898572dda [2026-08-27T05:32:37.136008] Failed after 1m0.192s: startup health check never passed. (STDERR, CELL)#
#2026 08 27 05:32:44.357#Z#DEBUG#01367556-a1d8-11f1-96fc-eeee0a992f5e.projectmanager-backend#flowable-async-job-executor-thread-7353#
[PollStartAppStatusExecution] 048b5ac7-6da8-4be5-90f9-088898572dda [2026-08-27T05:32:37.136306] Received signal 15. Shutting down. (STDOUT, APP/PROC/WEB)#
#2026 08 27 05:32:44.357#Z#DEBUG#01367556-a1d8-11f1-96fc-eeee0a992f5e.projectmanager-backend#flowable-async-job-executor-thread-7353#
[PollStartAppStatusExecution] 048b5ac7-6da8-4be5-90f9-088898572dda [2026-08-27T05:32:37.136585] Warning (thread: main): leaking eventcore driver because there are still active handles (STDERR, APP/PROC/WEB)#
#2026 08 27 05:32:44.357#Z#DEBUG#01367556-a1d8-11f1-96fc-eeee0a992f5e.projectmanager-backend#flowable-async-job-executor-thread-7353#
[PollStartAppStatusExecution] 048b5ac7-6da8-4be5-90f9-088898572dda [2026-08-27T05:32:37.136626] FD 6 (streamListen) (STDERR, APP/PROC/WEB)#
#2026 08 27 05:32:44.357#Z#DEBUG#01367556-a1d8-11f1-96fc-eeee0a992f5e.projectmanager-backend#flowable-async-job-executor-thread-7353#
[PollStartAppStatusExecution] 048b5ac7-6da8-4be5-90f9-088898572dda [2026-08-27T05:32:37.136636] FD 7 (streamListen) (STDERR, APP/PROC/WEB)#
#2026 08 27 05:32:44.357#Z#DEBUG#01367556-a1d8-11f1-96fc-eeee0a992f5e.projectmanager-backend#flowable-async-job-executor-thread-7353#
[PollStartAppStatusExecution] 048b5ac7-6da8-4be5-90f9-088898572dda [2026-08-27T05:32:37.136681] Use '-debug=EventCoreLeakTrace' to show where the instantiation happened (STDERR, APP/PROC/WEB)#
#2026 08 27 05:32:44.357#Z#DEBUG#01367556-a1d8-11f1-96fc-eeee0a992f5e.projectmanager-backend#flowable-async-job-executor-thread-7353#
[PollStartAppStatusExecution] 048b5ac7-6da8-4be5-90f9-088898572dda [2026-08-27T05:32:37.136866] Warning (thread: main): leaking eventcore driver because there are still active handles (STDERR, APP/PROC/WEB)#
#2026 08 27 05:32:44.357#Z#DEBUG#01367556-a1d8-11f1-96fc-eeee0a992f5e.projectmanager-backend#flowable-async-job-executor-thread-7353#
[PollStartAppStatusExecution] 048b5ac7-6da8-4be5-90f9-088898572dda [2026-08-27T05:32:37.136877] FD 6 (streamListen) (STDERR, APP/PROC/WEB)#
#2026 08 27 05:32:44.357#Z#DEBUG#01367556-a1d8-11f1-96fc-eeee0a992f5e.projectmanager-backend#flowable-async-job-executor-thread-7353#
[PollStartAppStatusExecution] 048b5ac7-6da8-4be5-90f9-088898572dda [2026-08-27T05:32:37.136880] FD 7 (streamListen) (STDERR, APP/PROC/WEB)#
#2026 08 27 05:32:44.357#Z#DEBUG#01367556-a1d8-11f1-96fc-eeee0a992f5e.projectmanager-backend#flowable-async-job-executor-thread-7353#
[PollStartAppStatusExecution] 048b5ac7-6da8-4be5-90f9-088898572dda [2026-08-27T05:32:37.136896] Use '-debug=EventCoreLeakTrace' to show where the instantiation happened (STDERR, APP/PROC/WEB)#
#2026 08 27 05:32:44.357#Z#DEBUG#01367556-a1d8-11f1-96fc-eeee0a992f5e.projectmanager-backend#flowable-async-job-executor-thread-7353#
[PollStartAppStatusExecution] 048b5ac7-6da8-4be5-90f9-088898572dda [2026-08-27T05:32:37.139223] Exit status 0 (STDOUT, APP/PROC/WEB)#
#2026 08 27 05:32:44.357#Z#DEBUG#01367556-a1d8-11f1-96fc-eeee0a992f5e.projectmanager-backend#flowable-async-job-executor-thread-7353#
[PollStartAppStatusExecution] 048b5ac7-6da8-4be5-90f9-088898572dda [2026-08-27T05:32:42.397785] Cell f2912d40-8644-44cc-956f-4af79c9e130a stopping instance 94ea7ca6-3736-4980-78f5-cfa4 (STDOUT, CELL)#
#2026 08 27 05:32:44.357#Z#DEBUG#01367556-a1d8-11f1-96fc-eeee0a992f5e.projectmanager-backend#flowable-async-job-executor-thread-7353#
[PollStartAppStatusExecution] 048b5ac7-6da8-4be5-90f9-088898572dda [2026-08-27T05:32:42.397811] Cell f2912d40-8644-44cc-956f-4af79c9e130a destroying container for instance 94ea7ca6-3736-4980-78f5-cfa4 (STDOUT, CELL)#
#2026 08 27 05:32:44.357#Z#DEBUG#01367556-a1d8-11f1-96fc-eeee0a992f5e.projectmanager-backend#flowable-async-job-executor-thread-7353#
[PollStartAppStatusExecution] 048b5ac7-6da8-4be5-90f9-088898572dda [2026-08-27T05:32:42.404517] Process has crashed with type: "web" (STDOUT, API)#
#2026 08 27 05:32:44.357#Z#DEBUG#01367556-a1d8-11f1-96fc-eeee0a992f5e.projectmanager-backend#flowable-async-job-executor-thread-7353#
[PollStartAppStatusExecution] 048b5ac7-6da8-4be5-90f9-088898572dda [2026-08-27T05:32:42.425547] App instance exited with guid 048b5ac7-6da8-4be5-90f9-088898572dda payload: {"instance"=>"94ea7ca6-3736-4980-78f5-cfa4", "index"=>0, "cell_id"=>"f2912d40-8644-44cc-956f-4af79c9e130a", "reason"=>"CRASHED", "exit_description"=>"Instance never healthy after 1m0.192s: Timed out after 1m0s (30 attempts) waiting for startup check to succeed: failed to make TCP connection to 10.157.46.72:8080: dial tcp 10.157.46.72:8080: connect: connection refused", "crash_count"=>1, "crash_timestamp"=>1787808762370701873, "version"=>"f35c0016-8d94-4993-935a-12b97029f903"} (STDOUT, API)#
#2026 08 27 05:32:44.357#Z#DEBUG#01367556-a1d8-11f1-96fc-eeee0a992f5e.projectmanager-backend#flowable-async-job-executor-thread-7353#
[PollStartAppStatusExecution] 048b5ac7-6da8-4be5-90f9-088898572dda [2026-08-27T05:32:42.482498] Cell 61eb8dde-1ac6-42d5-97c9-4fc6e0115796 creating container for instance 94305c39-c576-4d25-668b-8f41 (STDOUT, CELL)#
#2026 08 27 05:32:44.357#Z#DEBUG#01367556-a1d8-11f1-96fc-eeee0a992f5e.projectmanager-backend#flowable-async-job-executor-thread-7353#
[PollStartAppStatusExecution] 048b5ac7-6da8-4be5-90f9-088898572dda [2026-08-27T05:32:42.484031] Exit status 137 (STDOUT, PROXY)#
#2026 08 27 05:32:44.357#Z#DEBUG#01367556-a1d8-11f1-96fc-eeee0a992f5e.projectmanager-backend#flowable-async-job-executor-thread-7353#
[PollStartAppStatusExecution] 048b5ac7-6da8-4be5-90f9-088898572dda [2026-08-27T05:32:42.801609] Security group rules were updated (STDOUT, CELL)#
#2026 08 27 05:32:44.357#Z#DEBUG#01367556-a1d8-11f1-96fc-eeee0a992f5e.projectmanager-backend#flowable-async-job-executor-thread-7353#
[PollStartAppStatusExecution] 048b5ac7-6da8-4be5-90f9-088898572dda [2026-08-27T05:32:42.817684] Cell 61eb8dde-1ac6-42d5-97c9-4fc6e0115796 successfully created container for instance 94305c39-c576-4d25-668b-8f41 (STDOUT, CELL)#
#2026 08 27 05:32:44.357#Z#DEBUG#01367556-a1d8-11f1-96fc-eeee0a992f5e.projectmanager-backend#flowable-async-job-executor-thread-7353#
[PollStartAppStatusExecution] 048b5ac7-6da8-4be5-90f9-088898572dda [2026-08-27T05:32:42.936857] Cell f2912d40-8644-44cc-956f-4af79c9e130a successfully destroyed container for instance 94ea7ca6-3736-4980-78f5-cfa4 (STDOUT, CELL)#
#2026 08 27 05:32:44.357#Z#DEBUG#01367556-a1d8-11f1-96fc-eeee0a992f5e.projectmanager-backend#flowable-async-job-executor-thread-7353#
[PollStartAppStatusExecution] 048b5ac7-6da8-4be5-90f9-088898572dda [2026-08-27T05:32:43.624807] Downloading droplet... (STDOUT, CELL)#
#2026 08 27 05:32:44.357#Z#DEBUG#01367556-a1d8-11f1-96fc-eeee0a992f5e.projectmanager-backend#flowable-async-job-executor-thread-7353#
[PollStartAppStatusExecution] 048b5ac7-6da8-4be5-90f9-088898572dda [2026-08-27T05:32:43.955198] Downloaded droplet (3.7M) (STDOUT, CELL)#
#2026 08 27 05:32:44.357#Z#DEBUG#01367556-a1d8-11f1-96fc-eeee0a992f5e.projectmanager-backend#flowable-async-job-executor-thread-7353#
[PollStartAppStatusExecution] 048b5ac7-6da8-4be5-90f9-088898572dda [2026-08-27T05:32:43.955346] Starting health monitoring of container (STDOUT, CELL)#
#2026 08 27 05:32:44.357#Z#DEBUG#01367556-a1d8-11f1-96fc-eeee0a992f5e.projectmanager-backend#flowable-async-job-executor-thread-7353#
[PollStartAppStatusExecution] 048b5ac7-6da8-4be5-90f9-088898572dda [2026-08-27T05:32:44.057186] Invoking pre-start scripts. (STDOUT, APP/PROC/WEB)#
#2026 08 27 05:32:44.357#Z#DEBUG#01367556-a1d8-11f1-96fc-eeee0a992f5e.projectmanager-backend#flowable-async-job-executor-thread-7353#
[PollStartAppStatusExecution] 048b5ac7-6da8-4be5-90f9-088898572dda [2026-08-27T05:32:44.061970] Invoking start command. (STDOUT, APP/PROC/WEB)#
#2026 08 27 05:32:44.357#Z#DEBUG#01367556-a1d8-11f1-96fc-eeee0a992f5e.projectmanager-backend#flowable-async-job-executor-thread-7353#
[PollStartAppStatusExecution] 048b5ac7-6da8-4be5-90f9-088898572dda [2026-08-27T05:32:44.067375] Listening for requests on http://[::1]:8080/ (STDOUT, APP/PROC/WEB)#
#2026 08 27 05:32:44.357#Z#DEBUG#01367556-a1d8-11f1-96fc-eeee0a992f5e.projectmanager-backend#flowable-async-job-executor-thread-7353#
[PollStartAppStatusExecution] 048b5ac7-6da8-4be5-90f9-088898572dda [2026-08-27T05:32:44.067406] Listening for requests on http://127.0.0.1:8080/ (STDOUT, APP/PROC/WEB)#
#2026 08 27 05:33:54.466#Z#DEBUG#01367556-a1d8-11f1-96fc-eeee0a992f5e.projectmanager-backend#flowable-async-job-executor-thread-6936#
[PollStartAppStatusExecution] 048b5ac7-6da8-4be5-90f9-088898572dda [2026-08-27T05:33:44.147049] Timed out after 1m0s (30 attempts) waiting for startup check to succeed: failed to make TCP connection to 10.128.192.140:8080: dial tcp 10.128.192.140:8080: connect: connection refused (STDERR, HEALTH)#
#2026 08 27 05:33:54.466#Z#DEBUG#01367556-a1d8-11f1-96fc-eeee0a992f5e.projectmanager-backend#flowable-async-job-executor-thread-6936#
[PollStartAppStatusExecution] 048b5ac7-6da8-4be5-90f9-088898572dda [2026-08-27T05:33:44.147056] Failed after 1m0.192s: startup health check never passed. (STDERR, CELL)#
#2026 08 27 05:33:54.466#Z#DEBUG#01367556-a1d8-11f1-96fc-eeee0a992f5e.projectmanager-backend#flowable-async-job-executor-thread-6936#
[PollStartAppStatusExecution] 048b5ac7-6da8-4be5-90f9-088898572dda [2026-08-27T05:33:44.147449] Received signal 15. Shutting down. (STDOUT, APP/PROC/WEB)#
#2026 08 27 05:33:54.466#Z#DEBUG#01367556-a1d8-11f1-96fc-eeee0a992f5e.projectmanager-backend#flowable-async-job-executor-thread-6936#
[PollStartAppStatusExecution] 048b5ac7-6da8-4be5-90f9-088898572dda [2026-08-27T05:33:44.147744] Warning (thread: main): leaking eventcore driver because there are still active handles (STDERR, APP/PROC/WEB)#
#2026 08 27 05:33:54.466#Z#DEBUG#01367556-a1d8-11f1-96fc-eeee0a992f5e.projectmanager-backend#flowable-async-job-executor-thread-6936#
[PollStartAppStatusExecution] 048b5ac7-6da8-4be5-90f9-088898572dda [2026-08-27T05:33:44.147759] FD 6 (streamListen) (STDERR, APP/PROC/WEB)#
#2026 08 27 05:33:54.466#Z#DEBUG#01367556-a1d8-11f1-96fc-eeee0a992f5e.projectmanager-backend#flowable-async-job-executor-thread-6936#
[PollStartAppStatusExecution] 048b5ac7-6da8-4be5-90f9-088898572dda [2026-08-27T05:33:44.147761] FD 7 (streamListen) (STDERR, APP/PROC/WEB)#
#2026 08 27 05:33:54.466#Z#DEBUG#01367556-a1d8-11f1-96fc-eeee0a992f5e.projectmanager-backend#flowable-async-job-executor-thread-6936#
[PollStartAppStatusExecution] 048b5ac7-6da8-4be5-90f9-088898572dda [2026-08-27T05:33:44.147812] Use '-debug=EventCoreLeakTrace' to show where the instantiation happened (STDERR, APP/PROC/WEB)#
#2026 08 27 05:33:54.466#Z#DEBUG#01367556-a1d8-11f1-96fc-eeee0a992f5e.projectmanager-backend#flowable-async-job-executor-thread-6936#
[PollStartAppStatusExecution] 048b5ac7-6da8-4be5-90f9-088898572dda [2026-08-27T05:33:44.147825] Warning (thread: main): leaking eventcore driver because there are still active handles (STDERR, APP/PROC/WEB)#
#2026 08 27 05:33:54.466#Z#DEBUG#01367556-a1d8-11f1-96fc-eeee0a992f5e.projectmanager-backend#flowable-async-job-executor-thread-6936#
[PollStartAppStatusExecution] 048b5ac7-6da8-4be5-90f9-088898572dda [2026-08-27T05:33:44.147839] FD 6 (streamListen) (STDERR, APP/PROC/WEB)#
#2026 08 27 05:33:54.466#Z#DEBUG#01367556-a1d8-11f1-96fc-eeee0a992f5e.projectmanager-backend#flowable-async-job-executor-thread-6936#
[PollStartAppStatusExecution] 048b5ac7-6da8-4be5-90f9-088898572dda [2026-08-27T05:33:44.147848] FD 7 (streamListen) (STDERR, APP/PROC/WEB)#
#2026 08 27 05:33:54.466#Z#DEBUG#01367556-a1d8-11f1-96fc-eeee0a992f5e.projectmanager-backend#flowable-async-job-executor-thread-6936#
[PollStartAppStatusExecution] 048b5ac7-6da8-4be5-90f9-088898572dda [2026-08-27T05:33:44.147925] Use '-debug=EventCoreLeakTrace' to show where the instantiation happened (STDERR, APP/PROC/WEB)#
#2026 08 27 05:33:54.466#Z#DEBUG#01367556-a1d8-11f1-96fc-eeee0a992f5e.projectmanager-backend#flowable-async-job-executor-thread-6936#
[PollStartAppStatusExecution] 048b5ac7-6da8-4be5-90f9-088898572dda [2026-08-27T05:33:44.150897] Exit status 0 (STDOUT, APP/PROC/WEB)#
#2026 08 27 05:33:54.466#Z#DEBUG#01367556-a1d8-11f1-96fc-eeee0a992f5e.projectmanager-backend#flowable-async-job-executor-thread-6936#
[PollStartAppStatusExecution] 048b5ac7-6da8-4be5-90f9-088898572dda [2026-08-27T05:33:49.605787] Process has crashed with type: "web" (STDOUT, API)#
#2026 08 27 05:33:54.466#Z#DEBUG#01367556-a1d8-11f1-96fc-eeee0a992f5e.projectmanager-backend#flowable-async-job-executor-thread-6936#
[PollStartAppStatusExecution] 048b5ac7-6da8-4be5-90f9-088898572dda [2026-08-27T05:33:49.608959] Cell 61eb8dde-1ac6-42d5-97c9-4fc6e0115796 stopping instance 94305c39-c576-4d25-668b-8f41 (STDOUT, CELL)#
#2026 08 27 05:33:54.466#Z#DEBUG#01367556-a1d8-11f1-96fc-eeee0a992f5e.projectmanager-backend#flowable-async-job-executor-thread-6936#
[PollStartAppStatusExecution] 048b5ac7-6da8-4be5-90f9-088898572dda [2026-08-27T05:33:49.608994] Cell 61eb8dde-1ac6-42d5-97c9-4fc6e0115796 destroying container for instance 94305c39-c576-4d25-668b-8f41 (STDOUT, CELL)#
#2026 08 27 05:33:54.466#Z#DEBUG#01367556-a1d8-11f1-96fc-eeee0a992f5e.projectmanager-backend#flowable-async-job-executor-thread-6936#
[PollStartAppStatusExecution] 048b5ac7-6da8-4be5-90f9-088898572dda [2026-08-27T05:33:49.623852] App instance exited with guid 048b5ac7-6da8-4be5-90f9-088898572dda payload: {"instance"=>"94305c39-c576-4d25-668b-8f41", "index"=>0, "cell_id"=>"61eb8dde-1ac6-42d5-97c9-4fc6e0115796", "reason"=>"CRASHED", "exit_description"=>"Instance never healthy after 1m0.192s: Timed out after 1m0s (30 attempts) waiting for startup check to succeed: failed to make TCP connection to 10.128.192.140:8080: dial tcp 10.128.192.140:8080: connect: connection refused", "crash_count"=>2, "crash_timestamp"=>1787808829570626318, "version"=>"f35c0016-8d94-4993-935a-12b97029f903"} (STDOUT, API)#
#2026 08 27 05:33:54.466#Z#DEBUG#01367556-a1d8-11f1-96fc-eeee0a992f5e.projectmanager-backend#flowable-async-job-executor-thread-6936#
[PollStartAppStatusExecution] 048b5ac7-6da8-4be5-90f9-088898572dda [2026-08-27T05:33:49.694897] Exit status 137 (STDOUT, PROXY)#
#2026 08 27 05:33:54.466#Z#DEBUG#01367556-a1d8-11f1-96fc-eeee0a992f5e.projectmanager-backend#flowable-async-job-executor-thread-6936#
[PollStartAppStatusExecution] 048b5ac7-6da8-4be5-90f9-088898572dda [2026-08-27T05:33:49.706538] Cell 0f86c2a6-11d5-4f29-9fbc-5ae123bd1d58 creating container for instance cb9f867f-6fdf-4229-7d4a-cc26 (STDOUT, CELL)#
#2026 08 27 05:33:54.466#Z#DEBUG#01367556-a1d8-11f1-96fc-eeee0a992f5e.projectmanager-backend#flowable-async-job-executor-thread-6936#
[PollStartAppStatusExecution] 048b5ac7-6da8-4be5-90f9-088898572dda [2026-08-27T05:33:49.977347] Security group rules were updated (STDOUT, CELL)#
#2026 08 27 05:33:54.466#Z#DEBUG#01367556-a1d8-11f1-96fc-eeee0a992f5e.projectmanager-backend#flowable-async-job-executor-thread-6936#
[PollStartAppStatusExecution] 048b5ac7-6da8-4be5-90f9-088898572dda [2026-08-27T05:33:49.992410] Cell 0f86c2a6-11d5-4f29-9fbc-5ae123bd1d58 successfully created container for instance cb9f867f-6fdf-4229-7d4a-cc26 (STDOUT, CELL)#
#2026 08 27 05:33:54.466#Z#DEBUG#01367556-a1d8-11f1-96fc-eeee0a992f5e.projectmanager-backend#flowable-async-job-executor-thread-6936#
[PollStartAppStatusExecution] 048b5ac7-6da8-4be5-90f9-088898572dda [2026-08-27T05:33:50.140186] Cell 61eb8dde-1ac6-42d5-97c9-4fc6e0115796 successfully destroyed container for instance 94305c39-c576-4d25-668b-8f41 (STDOUT, CELL)#
#2026 08 27 05:33:54.466#Z#DEBUG#01367556-a1d8-11f1-96fc-eeee0a992f5e.projectmanager-backend#flowable-async-job-executor-thread-6936#
[PollStartAppStatusExecution] 048b5ac7-6da8-4be5-90f9-088898572dda [2026-08-27T05:33:50.853668] Downloading droplet... (STDOUT, CELL)#
#2026 08 27 05:33:54.466#Z#DEBUG#01367556-a1d8-11f1-96fc-eeee0a992f5e.projectmanager-backend#flowable-async-job-executor-thread-6936#
[PollStartAppStatusExecution] 048b5ac7-6da8-4be5-90f9-088898572dda [2026-08-27T05:33:51.209669] Downloaded droplet (3.7M) (STDOUT, CELL)#
#2026 08 27 05:33:54.466#Z#DEBUG#01367556-a1d8-11f1-96fc-eeee0a992f5e.projectmanager-backend#flowable-async-job-executor-thread-6936#
[PollStartAppStatusExecution] 048b5ac7-6da8-4be5-90f9-088898572dda [2026-08-27T05:33:51.209781] Starting health monitoring of container (STDOUT, CELL)#
#2026 08 27 05:33:54.466#Z#DEBUG#01367556-a1d8-11f1-96fc-eeee0a992f5e.projectmanager-backend#flowable-async-job-executor-thread-6936#
[PollStartAppStatusExecution] 048b5ac7-6da8-4be5-90f9-088898572dda [2026-08-27T05:33:51.300006] Invoking pre-start scripts. (STDOUT, APP/PROC/WEB)#
#2026 08 27 05:33:54.466#Z#DEBUG#01367556-a1d8-11f1-96fc-eeee0a992f5e.projectmanager-backend#flowable-async-job-executor-thread-6936#
[PollStartAppStatusExecution] 048b5ac7-6da8-4be5-90f9-088898572dda [2026-08-27T05:33:51.304049] Invoking start command. (STDOUT, APP/PROC/WEB)#
#2026 08 27 05:33:54.466#Z#DEBUG#01367556-a1d8-11f1-96fc-eeee0a992f5e.projectmanager-backend#flowable-async-job-executor-thread-6936#
[PollStartAppStatusExecution] 048b5ac7-6da8-4be5-90f9-088898572dda [2026-08-27T05:33:51.309465] Listening for requests on http://[::1]:8080/ (STDOUT, APP/PROC/WEB)#
#2026 08 27 05:33:54.466#Z#DEBUG#01367556-a1d8-11f1-96fc-eeee0a992f5e.projectmanager-backend#flowable-async-job-executor-thread-6936#
[PollStartAppStatusExecution] 048b5ac7-6da8-4be5-90f9-088898572dda [2026-08-27T05:33:51.309481] Listening for requests on http://127.0.0.1:8080/ (STDOUT, APP/PROC/WEB)#
#2026 08 27 05:34:54.548#Z#DEBUG#01367556-a1d8-11f1-96fc-eeee0a992f5e.projectmanager-backend#flowable-async-job-executor-thread-7396#
[PollStartAppStatusExecution] 048b5ac7-6da8-4be5-90f9-088898572dda [2026-08-27T05:34:51.391289] Timed out after 1m0s (30 attempts) waiting for startup check to succeed: failed to make TCP connection to 10.145.254.109:8080: dial tcp 10.145.254.109:8080: connect: connection refused (STDERR, HEALTH)#
#2026 08 27 05:34:54.548#Z#DEBUG#01367556-a1d8-11f1-96fc-eeee0a992f5e.projectmanager-backend#flowable-async-job-executor-thread-7396#
[PollStartAppStatusExecution] 048b5ac7-6da8-4be5-90f9-088898572dda [2026-08-27T05:34:51.391297] Failed after 1m0.181s: startup health check never passed. (STDERR, CELL)#
#2026 08 27 05:34:54.548#Z#DEBUG#01367556-a1d8-11f1-96fc-eeee0a992f5e.projectmanager-backend#flowable-async-job-executor-thread-7396#
[PollStartAppStatusExecution] 048b5ac7-6da8-4be5-90f9-088898572dda [2026-08-27T05:34:51.391578] Received signal 15. Shutting down. (STDOUT, APP/PROC/WEB)#
#2026 08 27 05:34:54.548#Z#DEBUG#01367556-a1d8-11f1-96fc-eeee0a992f5e.projectmanager-backend#flowable-async-job-executor-thread-7396#
[PollStartAppStatusExecution] 048b5ac7-6da8-4be5-90f9-088898572dda [2026-08-27T05:34:51.391859] Warning (thread: main): leaking eventcore driver because there are still active handles (STDERR, APP/PROC/WEB)#
#2026 08 27 05:34:54.548#Z#DEBUG#01367556-a1d8-11f1-96fc-eeee0a992f5e.projectmanager-backend#flowable-async-job-executor-thread-7396#
[PollStartAppStatusExecution] 048b5ac7-6da8-4be5-90f9-088898572dda [2026-08-27T05:34:51.391902] FD 6 (streamListen) (STDERR, APP/PROC/WEB)#
#2026 08 27 05:34:54.548#Z#DEBUG#01367556-a1d8-11f1-96fc-eeee0a992f5e.projectmanager-backend#flowable-async-job-executor-thread-7396#
[PollStartAppStatusExecution] 048b5ac7-6da8-4be5-90f9-088898572dda [2026-08-27T05:34:51.391905] FD 7 (streamListen) (STDERR, APP/PROC/WEB)#
#2026 08 27 05:34:54.548#Z#DEBUG#01367556-a1d8-11f1-96fc-eeee0a992f5e.projectmanager-backend#flowable-async-job-executor-thread-7396#
[PollStartAppStatusExecution] 048b5ac7-6da8-4be5-90f9-088898572dda [2026-08-27T05:34:51.392021] Use '-debug=EventCoreLeakTrace' to show where the instantiation happened (STDERR, APP/PROC/WEB)#
#2026 08 27 05:34:54.548#Z#DEBUG#01367556-a1d8-11f1-96fc-eeee0a992f5e.projectmanager-backend#flowable-async-job-executor-thread-7396#
[PollStartAppStatusExecution] 048b5ac7-6da8-4be5-90f9-088898572dda [2026-08-27T05:34:51.392069] Warning (thread: main): leaking eventcore driver because there are still active handles (STDERR, APP/PROC/WEB)#
#2026 08 27 05:34:54.548#Z#DEBUG#01367556-a1d8-11f1-96fc-eeee0a992f5e.projectmanager-backend#flowable-async-job-executor-thread-7396#
[PollStartAppStatusExecution] 048b5ac7-6da8-4be5-90f9-088898572dda [2026-08-27T05:34:51.392076] FD 6 (streamListen) (STDERR, APP/PROC/WEB)#
#2026 08 27 05:34:54.548#Z#DEBUG#01367556-a1d8-11f1-96fc-eeee0a992f5e.projectmanager-backend#flowable-async-job-executor-thread-7396#
[PollStartAppStatusExecution] 048b5ac7-6da8-4be5-90f9-088898572dda [2026-08-27T05:34:51.392090] FD 7 (streamListen) (STDERR, APP/PROC/WEB)#
#2026 08 27 05:34:54.548#Z#DEBUG#01367556-a1d8-11f1-96fc-eeee0a992f5e.projectmanager-backend#flowable-async-job-executor-thread-7396#
[PollStartAppStatusExecution] 048b5ac7-6da8-4be5-90f9-088898572dda [2026-08-27T05:34:51.392177] Use '-debug=EventCoreLeakTrace' to show where the instantiation happened (STDERR, APP/PROC/WEB)#
#2026 08 27 05:34:54.548#Z#DEBUG#01367556-a1d8-11f1-96fc-eeee0a992f5e.projectmanager-backend#flowable-async-job-executor-thread-7396#
[PollStartAppStatusExecution] 048b5ac7-6da8-4be5-90f9-088898572dda [2026-08-27T05:34:51.394803] Exit status 0 (STDOUT, APP/PROC/WEB)#
#2026 08 27 05:35:04.477#Z#DEBUG#01367556-a1d8-11f1-96fc-eeee0a992f5e.projectmanager-backend#flowable-async-job-executor-thread-7398#
[PollStartAppStatusExecution] 048b5ac7-6da8-4be5-90f9-088898572dda [2026-08-27T05:34:56.712595] Cell 0f86c2a6-11d5-4f29-9fbc-5ae123bd1d58 stopping instance cb9f867f-6fdf-4229-7d4a-cc26 (STDOUT, CELL)#
#2026 08 27 05:35:04.477#Z#DEBUG#01367556-a1d8-11f1-96fc-eeee0a992f5e.projectmanager-backend#flowable-async-job-executor-thread-7398#
[PollStartAppStatusExecution] 048b5ac7-6da8-4be5-90f9-088898572dda [2026-08-27T05:34:56.712627] Cell 0f86c2a6-11d5-4f29-9fbc-5ae123bd1d58 destroying container for instance cb9f867f-6fdf-4229-7d4a-cc26 (STDOUT, CELL)#
#2026 08 27 05:35:04.477#Z#DEBUG#01367556-a1d8-11f1-96fc-eeee0a992f5e.projectmanager-backend#flowable-async-job-executor-thread-7398#
[PollStartAppStatusExecution] 048b5ac7-6da8-4be5-90f9-088898572dda [2026-08-27T05:34:56.742407] Process has crashed with type: "web" (STDOUT, API)#
#2026 08 27 05:35:04.477#Z#DEBUG#01367556-a1d8-11f1-96fc-eeee0a992f5e.projectmanager-backend#flowable-async-job-executor-thread-7398#
[PollStartAppStatusExecution] 048b5ac7-6da8-4be5-90f9-088898572dda [2026-08-27T05:34:56.762489] App instance exited with guid 048b5ac7-6da8-4be5-90f9-088898572dda payload: {"instance"=>"cb9f867f-6fdf-4229-7d4a-cc26", "index"=>0, "cell_id"=>"0f86c2a6-11d5-4f29-9fbc-5ae123bd1d58", "reason"=>"CRASHED", "exit_description"=>"Instance never healthy after 1m0.181s: Timed out after 1m0s (30 attempts) waiting for startup check to succeed: failed to make TCP connection to 10.145.254.109:8080: dial tcp 10.145.254.109:8080: connect: connection refused", "crash_count"=>3, "crash_timestamp"=>1787808896700969273, "version"=>"f35c0016-8d94-4993-935a-12b97029f903"} (STDOUT, API)#
#2026 08 27 05:35:04.477#Z#DEBUG#01367556-a1d8-11f1-96fc-eeee0a992f5e.projectmanager-backend#flowable-async-job-executor-thread-7398#
[PollStartAppStatusExecution] 048b5ac7-6da8-4be5-90f9-088898572dda [2026-08-27T05:34:56.784526] Exit status 137 (STDOUT, PROXY)#
#2026 08 27 05:35:04.477#Z#DEBUG#01367556-a1d8-11f1-96fc-eeee0a992f5e.projectmanager-backend#flowable-async-job-executor-thread-7398#
[PollStartAppStatusExecution] 048b5ac7-6da8-4be5-90f9-088898572dda [2026-08-27T05:34:57.221444] Cell 0f86c2a6-11d5-4f29-9fbc-5ae123bd1d58 successfully destroyed container for instance cb9f867f-6fdf-4229-7d4a-cc26 (STDOUT, CELL)#
#2026 08 27 05:35:14.617#Z#DEBUG#01367556-a1d8-11f1-96fc-eeee0a992f5e.projectmanager-backend#flowable-async-job-executor-thread-7400#
[PollStartAppStatusExecution] 048b5ac7-6da8-4be5-90f9-088898572dda [2026-08-27T05:34:56.712595] Cell 0f86c2a6-11d5-4f29-9fbc-5ae123bd1d58 stopping instance cb9f867f-6fdf-4229-7d4a-cc26 (STDOUT, CELL)#
#2026 08 27 05:35:14.617#Z#DEBUG#01367556-a1d8-11f1-96fc-eeee0a992f5e.projectmanager-backend#flowable-async-job-executor-thread-7400#
[PollStartAppStatusExecution] 048b5ac7-6da8-4be5-90f9-088898572dda [2026-08-27T05:34:56.712627] Cell 0f86c2a6-11d5-4f29-9fbc-5ae123bd1d58 destroying container for instance cb9f867f-6fdf-4229-7d4a-cc26 (STDOUT, CELL)#
#2026 08 27 05:35:14.617#Z#DEBUG#01367556-a1d8-11f1-96fc-eeee0a992f5e.projectmanager-backend#flowable-async-job-executor-thread-7400#
[PollStartAppStatusExecution] 048b5ac7-6da8-4be5-90f9-088898572dda [2026-08-27T05:34:56.742407] Process has crashed with type: "web" (STDOUT, API)#
#2026 08 27 05:35:14.617#Z#DEBUG#01367556-a1d8-11f1-96fc-eeee0a992f5e.projectmanager-backend#flowable-async-job-executor-thread-7400#
[PollStartAppStatusExecution] 048b5ac7-6da8-4be5-90f9-088898572dda [2026-08-27T05:34:56.762489] App instance exited with guid 048b5ac7-6da8-4be5-90f9-088898572dda payload: {"instance"=>"cb9f867f-6fdf-4229-7d4a-cc26", "index"=>0, "cell_id"=>"0f86c2a6-11d5-4f29-9fbc-5ae123bd1d58", "reason"=>"CRASHED", "exit_description"=>"Instance never healthy after 1m0.181s: Timed out after 1m0s (30 attempts) waiting for startup check to succeed: failed to make TCP connection to 10.145.254.109:8080: dial tcp 10.145.254.109:8080: connect: connection refused", "crash_count"=>3, "crash_timestamp"=>1787808896700969273, "version"=>"f35c0016-8d94-4993-935a-12b97029f903"} (STDOUT, API)#
#2026 08 27 05:35:14.617#Z#DEBUG#01367556-a1d8-11f1-96fc-eeee0a992f5e.projectmanager-backend#flowable-async-job-executor-thread-7400#
[PollStartAppStatusExecution] 048b5ac7-6da8-4be5-90f9-088898572dda [2026-08-27T05:34:56.784526] Exit status 137 (STDOUT, PROXY)#
#2026 08 27 05:35:14.617#Z#DEBUG#01367556-a1d8-11f1-96fc-eeee0a992f5e.projectmanager-backend#flowable-async-job-executor-thread-7400#
[PollStartAppStatusExecution] 048b5ac7-6da8-4be5-90f9-088898572dda [2026-08-27T05:34:57.221444] Cell 0f86c2a6-11d5-4f29-9fbc-5ae123bd1d58 successfully destroyed container for instance cb9f867f-6fdf-4229-7d4a-cc26 (STDOUT, CELL)#
#2026 08 27 05:35:14.617#Z#DEBUG#01367556-a1d8-11f1-96fc-eeee0a992f5e.projectmanager-backend#flowable-async-job-executor-thread-7400#
[PollStartAppStatusExecution] 048b5ac7-6da8-4be5-90f9-088898572dda [2026-08-27T05:35:06.118528] Stopping app with guid 048b5ac7-6da8-4be5-90f9-088898572dda (STDOUT, API)#
#2026 08 27 05:35:14.617#Z#DEBUG#01367556-a1d8-11f1-96fc-eeee0a992f5e.projectmanager-backend#flowable-async-job-executor-thread-7400#
[PollStartAppStatusExecution] 048b5ac7-6da8-4be5-90f9-088898572dda [2026-08-27T05:35:06.310633] Starting app with guid 048b5ac7-6da8-4be5-90f9-088898572dda (STDOUT, API)#
#2026 08 27 05:35:14.617#Z#DEBUG#01367556-a1d8-11f1-96fc-eeee0a992f5e.projectmanager-backend#flowable-async-job-executor-thread-7400#
[PollStartAppStatusExecution] 048b5ac7-6da8-4be5-90f9-088898572dda [2026-08-27T05:35:06.716761] Cell f2912d40-8644-44cc-956f-4af79c9e130a creating container for instance 2c809d14-753f-4bf5-5632-378e (STDOUT, CELL)#
#2026 08 27 05:35:14.617#Z#DEBUG#01367556-a1d8-11f1-96fc-eeee0a992f5e.projectmanager-backend#flowable-async-job-executor-thread-7400#
[PollStartAppStatusExecution] 048b5ac7-6da8-4be5-90f9-088898572dda [2026-08-27T05:35:06.996424] Security group rules were updated (STDOUT, CELL)#
#2026 08 27 05:35:14.617#Z#DEBUG#01367556-a1d8-11f1-96fc-eeee0a992f5e.projectmanager-backend#flowable-async-job-executor-thread-7400#
[PollStartAppStatusExecution] 048b5ac7-6da8-4be5-90f9-088898572dda [2026-08-27T05:35:07.011613] Cell f2912d40-8644-44cc-956f-4af79c9e130a successfully created container for instance 2c809d14-753f-4bf5-5632-378e (STDOUT, CELL)#
#2026 08 27 05:35:14.617#Z#DEBUG#01367556-a1d8-11f1-96fc-eeee0a992f5e.projectmanager-backend#flowable-async-job-executor-thread-7400#
[PollStartAppStatusExecution] 048b5ac7-6da8-4be5-90f9-088898572dda [2026-08-27T05:35:07.397730] Downloading droplet... (STDOUT, CELL)#
#2026 08 27 05:35:14.617#Z#DEBUG#01367556-a1d8-11f1-96fc-eeee0a992f5e.projectmanager-backend#flowable-async-job-executor-thread-7400#
[PollStartAppStatusExecution] 048b5ac7-6da8-4be5-90f9-088898572dda [2026-08-27T05:35:07.730173] Downloaded droplet (3.7M) (STDOUT, CELL)#
#2026 08 27 05:35:14.617#Z#DEBUG#01367556-a1d8-11f1-96fc-eeee0a992f5e.projectmanager-backend#flowable-async-job-executor-thread-7400#
[PollStartAppStatusExecution] 048b5ac7-6da8-4be5-90f9-088898572dda [2026-08-27T05:35:07.730257] Starting health monitoring of container (STDOUT, CELL)#
#2026 08 27 05:35:14.617#Z#DEBUG#01367556-a1d8-11f1-96fc-eeee0a992f5e.projectmanager-backend#flowable-async-job-executor-thread-7400#
[PollStartAppStatusExecution] 048b5ac7-6da8-4be5-90f9-088898572dda [2026-08-27T05:35:07.792765] Invoking pre-start scripts. (STDOUT, APP/PROC/WEB)#
#2026 08 27 05:35:14.617#Z#DEBUG#01367556-a1d8-11f1-96fc-eeee0a992f5e.projectmanager-backend#flowable-async-job-executor-thread-7400#
[PollStartAppStatusExecution] 048b5ac7-6da8-4be5-90f9-088898572dda [2026-08-27T05:35:07.825064] Invoking start command. (STDOUT, APP/PROC/WEB)#
#2026 08 27 05:35:14.617#Z#DEBUG#01367556-a1d8-11f1-96fc-eeee0a992f5e.projectmanager-backend#flowable-async-job-executor-thread-7400#
[PollStartAppStatusExecution] 048b5ac7-6da8-4be5-90f9-088898572dda [2026-08-27T05:35:07.831025] Listening for requests on http://[::1]:8080/ (STDOUT, APP/PROC/WEB)#
#2026 08 27 05:35:14.617#Z#DEBUG#01367556-a1d8-11f1-96fc-eeee0a992f5e.projectmanager-backend#flowable-async-job-executor-thread-7400#
[PollStartAppStatusExecution] 048b5ac7-6da8-4be5-90f9-088898572dda [2026-08-27T05:35:07.831044] Listening for requests on http://127.0.0.1:8080/ (STDOUT, APP/PROC/WEB)#
#2026 08 27 05:36:14.563#Z#DEBUG#01367556-a1d8-11f1-96fc-eeee0a992f5e.projectmanager-backend#flowable-async-job-executor-thread-5788#
[PollStartAppStatusExecution] 048b5ac7-6da8-4be5-90f9-088898572dda [2026-08-27T05:36:07.910264] Timed out after 1m0s (31 attempts) waiting for startup check to succeed: failed to make TCP connection to 10.157.46.79:8080: dial tcp 10.157.46.79:8080: connect: connection refused (STDERR, HEALTH)#
#2026 08 27 05:36:14.563#Z#DEBUG#01367556-a1d8-11f1-96fc-eeee0a992f5e.projectmanager-backend#flowable-async-job-executor-thread-5788#
[PollStartAppStatusExecution] 048b5ac7-6da8-4be5-90f9-088898572dda [2026-08-27T05:36:07.910274] Failed after 1m0.18s: startup health check never passed. (STDERR, CELL)#
#2026 08 27 05:36:14.563#Z#DEBUG#01367556-a1d8-11f1-96fc-eeee0a992f5e.projectmanager-backend#flowable-async-job-executor-thread-5788#
[PollStartAppStatusExecution] 048b5ac7-6da8-4be5-90f9-088898572dda [2026-08-27T05:36:07.910638] Received signal 15. Shutting down. (STDOUT, APP/PROC/WEB)#
#2026 08 27 05:36:14.563#Z#DEBUG#01367556-a1d8-11f1-96fc-eeee0a992f5e.projectmanager-backend#flowable-async-job-executor-thread-5788#
[PollStartAppStatusExecution] 048b5ac7-6da8-4be5-90f9-088898572dda [2026-08-27T05:36:07.910894] Warning (thread: main): leaking eventcore driver because there are still active handles (STDERR, APP/PROC/WEB)#
#2026 08 27 05:36:14.563#Z#DEBUG#01367556-a1d8-11f1-96fc-eeee0a992f5e.projectmanager-backend#flowable-async-job-executor-thread-5788#
[PollStartAppStatusExecution] 048b5ac7-6da8-4be5-90f9-088898572dda [2026-08-27T05:36:07.910944] FD 6 (streamListen) (STDERR, APP/PROC/WEB)#
#2026 08 27 05:36:14.563#Z#DEBUG#01367556-a1d8-11f1-96fc-eeee0a992f5e.projectmanager-backend#flowable-async-job-executor-thread-5788#
[PollStartAppStatusExecution] 048b5ac7-6da8-4be5-90f9-088898572dda [2026-08-27T05:36:07.910947] FD 7 (streamListen) (STDERR, APP/PROC/WEB)#
#2026 08 27 05:36:14.563#Z#DEBUG#01367556-a1d8-11f1-96fc-eeee0a992f5e.projectmanager-backend#flowable-async-job-executor-thread-5788#
[PollStartAppStatusExecution] 048b5ac7-6da8-4be5-90f9-088898572dda [2026-08-27T05:36:07.911043] Use '-debug=EventCoreLeakTrace' to show where the instantiation happened (STDERR, APP/PROC/WEB)#
#2026 08 27 05:36:14.563#Z#DEBUG#01367556-a1d8-11f1-96fc-eeee0a992f5e.projectmanager-backend#flowable-async-job-executor-thread-5788#
[PollStartAppStatusExecution] 048b5ac7-6da8-4be5-90f9-088898572dda [2026-08-27T05:36:07.911111] Warning (thread: main): leaking eventcore driver because there are still active handles (STDERR, APP/PROC/WEB)#
#2026 08 27 05:36:14.563#Z#DEBUG#01367556-a1d8-11f1-96fc-eeee0a992f5e.projectmanager-backend#flowable-async-job-executor-thread-5788#
[PollStartAppStatusExecution] 048b5ac7-6da8-4be5-90f9-088898572dda [2026-08-27T05:36:07.911133] FD 6 (streamListen) (STDERR, APP/PROC/WEB)#
#2026 08 27 05:36:14.563#Z#DEBUG#01367556-a1d8-11f1-96fc-eeee0a992f5e.projectmanager-backend#flowable-async-job-executor-thread-5788#
[PollStartAppStatusExecution] 048b5ac7-6da8-4be5-90f9-088898572dda [2026-08-27T05:36:07.911151] FD 7 (streamListen) (STDERR, APP/PROC/WEB)#
#2026 08 27 05:36:14.563#Z#DEBUG#01367556-a1d8-11f1-96fc-eeee0a992f5e.projectmanager-backend#flowable-async-job-executor-thread-5788#
[PollStartAppStatusExecution] 048b5ac7-6da8-4be5-90f9-088898572dda [2026-08-27T05:36:07.911285] Use '-debug=EventCoreLeakTrace' to show where the instantiation happened (STDERR, APP/PROC/WEB)#
#2026 08 27 05:36:14.563#Z#DEBUG#01367556-a1d8-11f1-96fc-eeee0a992f5e.projectmanager-backend#flowable-async-job-executor-thread-5788#
[PollStartAppStatusExecution] 048b5ac7-6da8-4be5-90f9-088898572dda [2026-08-27T05:36:07.913774] Exit status 0 (STDOUT, APP/PROC/WEB)#
#2026 08 27 05:36:14.563#Z#DEBUG#01367556-a1d8-11f1-96fc-eeee0a992f5e.projectmanager-backend#flowable-async-job-executor-thread-5788#
[PollStartAppStatusExecution] 048b5ac7-6da8-4be5-90f9-088898572dda [2026-08-27T05:36:13.862370] Cell f2912d40-8644-44cc-956f-4af79c9e130a stopping instance 2c809d14-753f-4bf5-5632-378e (STDOUT, CELL)#
#2026 08 27 05:36:14.563#Z#DEBUG#01367556-a1d8-11f1-96fc-eeee0a992f5e.projectmanager-backend#flowable-async-job-executor-thread-5788#
[PollStartAppStatusExecution] 048b5ac7-6da8-4be5-90f9-088898572dda [2026-08-27T05:36:13.862397] Cell f2912d40-8644-44cc-956f-4af79c9e130a destroying container for instance 2c809d14-753f-4bf5-5632-378e (STDOUT, CELL)#
#2026 08 27 05:36:14.564#Z#DEBUG#01367556-a1d8-11f1-96fc-eeee0a992f5e.projectmanager-backend#flowable-async-job-executor-thread-5788#
[PollStartAppStatusExecution] 048b5ac7-6da8-4be5-90f9-088898572dda [2026-08-27T05:36:13.871184] Process has crashed with type: "web" (STDOUT, API)#
#2026 08 27 05:36:14.564#Z#DEBUG#01367556-a1d8-11f1-96fc-eeee0a992f5e.projectmanager-backend#flowable-async-job-executor-thread-5788#
[PollStartAppStatusExecution] 048b5ac7-6da8-4be5-90f9-088898572dda [2026-08-27T05:36:13.889095] App instance exited with guid 048b5ac7-6da8-4be5-90f9-088898572dda payload: {"instance"=>"2c809d14-753f-4bf5-5632-378e", "index"=>0, "cell_id"=>"f2912d40-8644-44cc-956f-4af79c9e130a", "reason"=>"CRASHED", "exit_description"=>"Instance never healthy after 1m0.18s: Timed out after 1m0s (31 attempts) waiting for startup check to succeed: failed to make TCP connection to 10.157.46.79:8080: dial tcp 10.157.46.79:8080: connect: connection refused", "crash_count"=>1, "crash_timestamp"=>1787808973830406455, "version"=>"be763455-94e7-48ff-91eb-90d2e88b2a94"} (STDOUT, API)#
#2026 08 27 05:36:14.564#Z#DEBUG#01367556-a1d8-11f1-96fc-eeee0a992f5e.projectmanager-backend#flowable-async-job-executor-thread-5788#
[PollStartAppStatusExecution] 048b5ac7-6da8-4be5-90f9-088898572dda [2026-08-27T05:36:13.939287] Exit status 137 (STDOUT, PROXY)#
#2026 08 27 05:36:14.564#Z#DEBUG#01367556-a1d8-11f1-96fc-eeee0a992f5e.projectmanager-backend#flowable-async-job-executor-thread-5788#
[PollStartAppStatusExecution] 048b5ac7-6da8-4be5-90f9-088898572dda [2026-08-27T05:36:14.004594] Cell 1b7fe329-2988-483b-96b7-0a9fd2ac9cb2 creating container for instance 50b1e0ef-8693-4967-444f-81b9 (STDOUT, CELL)#
#2026 08 27 05:36:24.594#Z#DEBUG#01367556-a1d8-11f1-96fc-eeee0a992f5e.projectmanager-backend#flowable-async-job-executor-thread-5790#
[PollStartAppStatusExecution] 048b5ac7-6da8-4be5-90f9-088898572dda [2026-08-27T05:36:14.356352] Security group rules were updated (STDOUT, CELL)#
#2026 08 27 05:36:24.594#Z#DEBUG#01367556-a1d8-11f1-96fc-eeee0a992f5e.projectmanager-backend#flowable-async-job-executor-thread-5790#
[PollStartAppStatusExecution] 048b5ac7-6da8-4be5-90f9-088898572dda [2026-08-27T05:36:14.375626] Cell 1b7fe329-2988-483b-96b7-0a9fd2ac9cb2 successfully created container for instance 50b1e0ef-8693-4967-444f-81b9 (STDOUT, CELL)#
#2026 08 27 05:36:24.594#Z#DEBUG#01367556-a1d8-11f1-96fc-eeee0a992f5e.projectmanager-backend#flowable-async-job-executor-thread-5790#
[PollStartAppStatusExecution] 048b5ac7-6da8-4be5-90f9-088898572dda [2026-08-27T05:36:14.423503] Cell f2912d40-8644-44cc-956f-4af79c9e130a successfully destroyed container for instance 2c809d14-753f-4bf5-5632-378e (STDOUT, CELL)#
#2026 08 27 05:36:24.594#Z#DEBUG#01367556-a1d8-11f1-96fc-eeee0a992f5e.projectmanager-backend#flowable-async-job-executor-thread-5790#
[PollStartAppStatusExecution] 048b5ac7-6da8-4be5-90f9-088898572dda [2026-08-27T05:36:14.775078] Downloading droplet... (STDOUT, CELL)#
#2026 08 27 05:36:24.594#Z#DEBUG#01367556-a1d8-11f1-96fc-eeee0a992f5e.projectmanager-backend#flowable-async-job-executor-thread-5790#
[PollStartAppStatusExecution] 048b5ac7-6da8-4be5-90f9-088898572dda [2026-08-27T05:36:15.096213] Downloaded droplet (3.7M) (STDOUT, CELL)#
#2026 08 27 05:36:24.594#Z#DEBUG#01367556-a1d8-11f1-96fc-eeee0a992f5e.projectmanager-backend#flowable-async-job-executor-thread-5790#
[PollStartAppStatusExecution] 048b5ac7-6da8-4be5-90f9-088898572dda [2026-08-27T05:36:15.096343] Starting health monitoring of container (STDOUT, CELL)#
#2026 08 27 05:36:24.594#Z#DEBUG#01367556-a1d8-11f1-96fc-eeee0a992f5e.projectmanager-backend#flowable-async-job-executor-thread-5790#
[PollStartAppStatusExecution] 048b5ac7-6da8-4be5-90f9-088898572dda [2026-08-27T05:36:15.179566] Invoking pre-start scripts. (STDOUT, APP/PROC/WEB)#
#2026 08 27 05:36:24.594#Z#DEBUG#01367556-a1d8-11f1-96fc-eeee0a992f5e.projectmanager-backend#flowable-async-job-executor-thread-5790#
[PollStartAppStatusExecution] 048b5ac7-6da8-4be5-90f9-088898572dda [2026-08-27T05:36:15.223545] Invoking start command. (STDOUT, APP/PROC/WEB)#
#2026 08 27 05:36:24.594#Z#DEBUG#01367556-a1d8-11f1-96fc-eeee0a992f5e.projectmanager-backend#flowable-async-job-executor-thread-5790#
[PollStartAppStatusExecution] 048b5ac7-6da8-4be5-90f9-088898572dda [2026-08-27T05:36:15.231129] Listening for requests on http://[::1]:8080/ (STDOUT, APP/PROC/WEB)#
#2026 08 27 05:36:24.594#Z#DEBUG#01367556-a1d8-11f1-96fc-eeee0a992f5e.projectmanager-backend#flowable-async-job-executor-thread-5790#
[PollStartAppStatusExecution] 048b5ac7-6da8-4be5-90f9-088898572dda [2026-08-27T05:36:15.231140] Listening for requests on http://127.0.0.1:8080/ (STDOUT, APP/PROC/WEB)#
#2026 08 27 05:37:24.623#Z#DEBUG#01367556-a1d8-11f1-96fc-eeee0a992f5e.projectmanager-backend#flowable-async-job-executor-thread-5802#
[PollStartAppStatusExecution] 048b5ac7-6da8-4be5-90f9-088898572dda [2026-08-27T05:37:15.303184] Timed out after 1m0s (30 attempts) waiting for startup check to succeed: failed to make TCP connection to 10.139.176.122:8080: dial tcp 10.139.176.122:8080: connect: connection refused (STDERR, HEALTH)#
#2026 08 27 05:37:24.623#Z#DEBUG#01367556-a1d8-11f1-96fc-eeee0a992f5e.projectmanager-backend#flowable-async-job-executor-thread-5802#
[PollStartAppStatusExecution] 048b5ac7-6da8-4be5-90f9-088898572dda [2026-08-27T05:37:15.303195] Failed after 1m0.207s: startup health check never passed. (STDERR, CELL)#
#2026 08 27 05:37:24.623#Z#DEBUG#01367556-a1d8-11f1-96fc-eeee0a992f5e.projectmanager-backend#flowable-async-job-executor-thread-5802#
[PollStartAppStatusExecution] 048b5ac7-6da8-4be5-90f9-088898572dda [2026-08-27T05:37:15.303582] Received signal 15. Shutting down. (STDOUT, APP/PROC/WEB)#
#2026 08 27 05:37:24.623#Z#DEBUG#01367556-a1d8-11f1-96fc-eeee0a992f5e.projectmanager-backend#flowable-async-job-executor-thread-5802#
[PollStartAppStatusExecution] 048b5ac7-6da8-4be5-90f9-088898572dda [2026-08-27T05:37:15.304011] Warning (thread: main): leaking eventcore driver because there are still active handles (STDERR, APP/PROC/WEB)#
#2026 08 27 05:37:24.623#Z#DEBUG#01367556-a1d8-11f1-96fc-eeee0a992f5e.projectmanager-backend#flowable-async-job-executor-thread-5802#
[PollStartAppStatusExecution] 048b5ac7-6da8-4be5-90f9-088898572dda [2026-08-27T05:37:15.304025] FD 6 (streamListen) (STDERR, APP/PROC/WEB)#
#2026 08 27 05:37:24.623#Z#DEBUG#01367556-a1d8-11f1-96fc-eeee0a992f5e.projectmanager-backend#flowable-async-job-executor-thread-5802#
[PollStartAppStatusExecution] 048b5ac7-6da8-4be5-90f9-088898572dda [2026-08-27T05:37:15.304029] FD 7 (streamListen) (STDERR, APP/PROC/WEB)#
#2026 08 27 05:37:24.623#Z#DEBUG#01367556-a1d8-11f1-96fc-eeee0a992f5e.projectmanager-backend#flowable-async-job-executor-thread-5802#
[PollStartAppStatusExecution] 048b5ac7-6da8-4be5-90f9-088898572dda [2026-08-27T05:37:15.304033] Use '-debug=EventCoreLeakTrace' to show where the instantiation happened (STDERR, APP/PROC/WEB)#
#2026 08 27 05:37:24.623#Z#DEBUG#01367556-a1d8-11f1-96fc-eeee0a992f5e.projectmanager-backend#flowable-async-job-executor-thread-5802#
[PollStartAppStatusExecution] 048b5ac7-6da8-4be5-90f9-088898572dda [2026-08-27T05:37:15.304162] Warning (thread: main): leaking eventcore driver because there are still active handles (STDERR, APP/PROC/WEB)#
#2026 08 27 05:37:24.623#Z#DEBUG#01367556-a1d8-11f1-96fc-eeee0a992f5e.projectmanager-backend#flowable-async-job-executor-thread-5802#
[PollStartAppStatusExecution] 048b5ac7-6da8-4be5-90f9-088898572dda [2026-08-27T05:37:15.304170] FD 6 (streamListen) (STDERR, APP/PROC/WEB)#
#2026 08 27 05:37:24.623#Z#DEBUG#01367556-a1d8-11f1-96fc-eeee0a992f5e.projectmanager-backend#flowable-async-job-executor-thread-5802#
[PollStartAppStatusExecution] 048b5ac7-6da8-4be5-90f9-088898572dda [2026-08-27T05:37:15.304173] FD 7 (streamListen) (STDERR, APP/PROC/WEB)#
#2026 08 27 05:37:24.623#Z#DEBUG#01367556-a1d8-11f1-96fc-eeee0a992f5e.projectmanager-backend#flowable-async-job-executor-thread-5802#
[PollStartAppStatusExecution] 048b5ac7-6da8-4be5-90f9-088898572dda [2026-08-27T05:37:15.304218] Use '-debug=EventCoreLeakTrace' to show where the instantiation happened (STDERR, APP/PROC/WEB)#
#2026 08 27 05:37:24.623#Z#DEBUG#01367556-a1d8-11f1-96fc-eeee0a992f5e.projectmanager-backend#flowable-async-job-executor-thread-5802#
[PollStartAppStatusExecution] 048b5ac7-6da8-4be5-90f9-088898572dda [2026-08-27T05:37:15.307165] Exit status 0 (STDOUT, APP/PROC/WEB)#
#2026 08 27 05:37:24.623#Z#DEBUG#01367556-a1d8-11f1-96fc-eeee0a992f5e.projectmanager-backend#flowable-async-job-executor-thread-5802#
[PollStartAppStatusExecution] 048b5ac7-6da8-4be5-90f9-088898572dda [2026-08-27T05:37:20.997792] Cell 1b7fe329-2988-483b-96b7-0a9fd2ac9cb2 stopping instance 50b1e0ef-8693-4967-444f-81b9 (STDOUT, CELL)#
#2026 08 27 05:37:24.623#Z#DEBUG#01367556-a1d8-11f1-96fc-eeee0a992f5e.projectmanager-backend#flowable-async-job-executor-thread-5802#
[PollStartAppStatusExecution] 048b5ac7-6da8-4be5-90f9-088898572dda [2026-08-27T05:37:20.997833] Cell 1b7fe329-2988-483b-96b7-0a9fd2ac9cb2 destroying container for instance 50b1e0ef-8693-4967-444f-81b9 (STDOUT, CELL)#
#2026 08 27 05:37:24.623#Z#DEBUG#01367556-a1d8-11f1-96fc-eeee0a992f5e.projectmanager-backend#flowable-async-job-executor-thread-5802#
[PollStartAppStatusExecution] 048b5ac7-6da8-4be5-90f9-088898572dda [2026-08-27T05:37:21.003318] Process has crashed with type: "web" (STDOUT, API)#
#2026 08 27 05:37:24.623#Z#DEBUG#01367556-a1d8-11f1-96fc-eeee0a992f5e.projectmanager-backend#flowable-async-job-executor-thread-5802#
[PollStartAppStatusExecution] 048b5ac7-6da8-4be5-90f9-088898572dda [2026-08-27T05:37:21.022474] App instance exited with guid 048b5ac7-6da8-4be5-90f9-088898572dda payload: {"instance"=>"50b1e0ef-8693-4967-444f-81b9", "index"=>0, "cell_id"=>"1b7fe329-2988-483b-96b7-0a9fd2ac9cb2", "reason"=>"CRASHED", "exit_description"=>"Instance never healthy after 1m0.207s: Timed out after 1m0s (30 attempts) waiting for startup check to succeed: failed to make TCP connection to 10.139.176.122:8080: dial tcp 10.139.176.122:8080: connect: connection refused", "crash_count"=>2, "crash_timestamp"=>1787809040970839757, "version"=>"be763455-94e7-48ff-91eb-90d2e88b2a94"} (STDOUT, API)#
#2026 08 27 05:37:24.623#Z#DEBUG#01367556-a1d8-11f1-96fc-eeee0a992f5e.projectmanager-backend#flowable-async-job-executor-thread-5802#
[PollStartAppStatusExecution] 048b5ac7-6da8-4be5-90f9-088898572dda [2026-08-27T05:37:21.080246] Cell e5b1c835-d2ae-428e-89b2-46da66ae6d79 creating container for instance 9cb10195-7f2a-4df5-6dd2-f704 (STDOUT, CELL)#
#2026 08 27 05:37:24.623#Z#DEBUG#01367556-a1d8-11f1-96fc-eeee0a992f5e.projectmanager-backend#flowable-async-job-executor-thread-5802#
[PollStartAppStatusExecution] 048b5ac7-6da8-4be5-90f9-088898572dda [2026-08-27T05:37:21.098280] Exit status 137 (STDOUT, PROXY)#
#2026 08 27 05:37:24.623#Z#DEBUG#01367556-a1d8-11f1-96fc-eeee0a992f5e.projectmanager-backend#flowable-async-job-executor-thread-5802#
[PollStartAppStatusExecution] 048b5ac7-6da8-4be5-90f9-088898572dda [2026-08-27T05:37:21.361050] Security group rules were updated (STDOUT, CELL)#
#2026 08 27 05:37:24.623#Z#DEBUG#01367556-a1d8-11f1-96fc-eeee0a992f5e.projectmanager-backend#flowable-async-job-executor-thread-5802#
[PollStartAppStatusExecution] 048b5ac7-6da8-4be5-90f9-088898572dda [2026-08-27T05:37:21.377489] Cell e5b1c835-d2ae-428e-89b2-46da66ae6d79 successfully created container for instance 9cb10195-7f2a-4df5-6dd2-f704 (STDOUT, CELL)#
#2026 08 27 05:37:24.623#Z#DEBUG#01367556-a1d8-11f1-96fc-eeee0a992f5e.projectmanager-backend#flowable-async-job-executor-thread-5802#
[PollStartAppStatusExecution] 048b5ac7-6da8-4be5-90f9-088898572dda [2026-08-27T05:37:21.553244] Cell 1b7fe329-2988-483b-96b7-0a9fd2ac9cb2 successfully destroyed container for instance 50b1e0ef-8693-4967-444f-81b9 (STDOUT, CELL)#
#2026 08 27 05:37:24.623#Z#DEBUG#01367556-a1d8-11f1-96fc-eeee0a992f5e.projectmanager-backend#flowable-async-job-executor-thread-5802#
[PollStartAppStatusExecution] 048b5ac7-6da8-4be5-90f9-088898572dda [2026-08-27T05:37:22.048015] Downloading droplet... (STDOUT, CELL)#
#2026 08 27 05:37:24.623#Z#DEBUG#01367556-a1d8-11f1-96fc-eeee0a992f5e.projectmanager-backend#flowable-async-job-executor-thread-5802#
[PollStartAppStatusExecution] 048b5ac7-6da8-4be5-90f9-088898572dda [2026-08-27T05:37:22.369179] Downloaded droplet (3.7M) (STDOUT, CELL)#
#2026 08 27 05:37:24.623#Z#DEBUG#01367556-a1d8-11f1-96fc-eeee0a992f5e.projectmanager-backend#flowable-async-job-executor-thread-5802#
[PollStartAppStatusExecution] 048b5ac7-6da8-4be5-90f9-088898572dda [2026-08-27T05:37:22.369306] Starting health monitoring of container (STDOUT, CELL)#
#2026 08 27 05:37:24.623#Z#DEBUG#01367556-a1d8-11f1-96fc-eeee0a992f5e.projectmanager-backend#flowable-async-job-executor-thread-5802#
[PollStartAppStatusExecution] 048b5ac7-6da8-4be5-90f9-088898572dda [2026-08-27T05:37:22.431482] Invoking pre-start scripts. (STDOUT, APP/PROC/WEB)#
#2026 08 27 05:37:24.623#Z#DEBUG#01367556-a1d8-11f1-96fc-eeee0a992f5e.projectmanager-backend#flowable-async-job-executor-thread-5802#
[PollStartAppStatusExecution] 048b5ac7-6da8-4be5-90f9-088898572dda [2026-08-27T05:37:22.466373] Invoking start command. (STDOUT, APP/PROC/WEB)#
#2026 08 27 05:37:24.623#Z#DEBUG#01367556-a1d8-11f1-96fc-eeee0a992f5e.projectmanager-backend#flowable-async-job-executor-thread-5802#
[PollStartAppStatusExecution] 048b5ac7-6da8-4be5-90f9-088898572dda [2026-08-27T05:37:22.472459] Listening for requests on http://[::1]:8080/ (STDOUT, APP/PROC/WEB)#
#2026 08 27 05:37:24.623#Z#DEBUG#01367556-a1d8-11f1-96fc-eeee0a992f5e.projectmanager-backend#flowable-async-job-executor-thread-5802#
[PollStartAppStatusExecution] 048b5ac7-6da8-4be5-90f9-088898572dda [2026-08-27T05:37:22.472476] Listening for requests on http://127.0.0.1:8080/ (STDOUT, APP/PROC/WEB)#
#2026 08 27 05:38:24.756#Z#DEBUG#01367556-a1d8-11f1-96fc-eeee0a992f5e.projectmanager-backend#flowable-async-job-executor-thread-5814#
[PollStartAppStatusExecution] 048b5ac7-6da8-4be5-90f9-088898572dda [2026-08-27T05:38:22.577643] Timed out after 1m0s (30 attempts) waiting for startup check to succeed: failed to make TCP connection to 10.143.33.68:8080: dial tcp 10.143.33.68:8080: connect: connection refused (STDERR, HEALTH)#
#2026 08 27 05:38:24.756#Z#DEBUG#01367556-a1d8-11f1-96fc-eeee0a992f5e.projectmanager-backend#flowable-async-job-executor-thread-5814#
[PollStartAppStatusExecution] 048b5ac7-6da8-4be5-90f9-088898572dda [2026-08-27T05:38:22.577651] Failed after 1m0.208s: startup health check never passed. (STDERR, CELL)#
#2026 08 27 05:38:24.756#Z#DEBUG#01367556-a1d8-11f1-96fc-eeee0a992f5e.projectmanager-backend#flowable-async-job-executor-thread-5814#
[PollStartAppStatusExecution] 048b5ac7-6da8-4be5-90f9-088898572dda [2026-08-27T05:38:22.577975] Received signal 15. Shutting down. (STDOUT, APP/PROC/WEB)#
#2026 08 27 05:38:24.756#Z#DEBUG#01367556-a1d8-11f1-96fc-eeee0a992f5e.projectmanager-backend#flowable-async-job-executor-thread-5814#
[PollStartAppStatusExecution] 048b5ac7-6da8-4be5-90f9-088898572dda [2026-08-27T05:38:22.578311] Warning (thread: main): leaking eventcore driver because there are still active handles (STDERR, APP/PROC/WEB)#
#2026 08 27 05:38:24.756#Z#DEBUG#01367556-a1d8-11f1-96fc-eeee0a992f5e.projectmanager-backend#flowable-async-job-executor-thread-5814#
[PollStartAppStatusExecution] 048b5ac7-6da8-4be5-90f9-088898572dda [2026-08-27T05:38:22.578353] FD 6 (streamListen) (STDERR, APP/PROC/WEB)#
#2026 08 27 05:38:24.756#Z#DEBUG#01367556-a1d8-11f1-96fc-eeee0a992f5e.projectmanager-backend#flowable-async-job-executor-thread-5814#
[PollStartAppStatusExecution] 048b5ac7-6da8-4be5-90f9-088898572dda [2026-08-27T05:38:22.578356] FD 7 (streamListen) (STDERR, APP/PROC/WEB)#
#2026 08 27 05:38:24.756#Z#DEBUG#01367556-a1d8-11f1-96fc-eeee0a992f5e.projectmanager-backend#flowable-async-job-executor-thread-5814#
[PollStartAppStatusExecution] 048b5ac7-6da8-4be5-90f9-088898572dda [2026-08-27T05:38:22.578375] Use '-debug=EventCoreLeakTrace' to show where the instantiation happened (STDERR, APP/PROC/WEB)#
#2026 08 27 05:38:24.756#Z#DEBUG#01367556-a1d8-11f1-96fc-eeee0a992f5e.projectmanager-backend#flowable-async-job-executor-thread-5814#
[PollStartAppStatusExecution] 048b5ac7-6da8-4be5-90f9-088898572dda [2026-08-27T05:38:22.578498] Warning (thread: main): leaking eventcore driver because there are still active handles (STDERR, APP/PROC/WEB)#
#2026 08 27 05:38:24.756#Z#DEBUG#01367556-a1d8-11f1-96fc-eeee0a992f5e.projectmanager-backend#flowable-async-job-executor-thread-5814#
[PollStartAppStatusExecution] 048b5ac7-6da8-4be5-90f9-088898572dda [2026-08-27T05:38:22.578565] FD 6 (streamListen) (STDERR, APP/PROC/WEB)#
#2026 08 27 05:38:24.756#Z#DEBUG#01367556-a1d8-11f1-96fc-eeee0a992f5e.projectmanager-backend#flowable-async-job-executor-thread-5814#
[PollStartAppStatusExecution] 048b5ac7-6da8-4be5-90f9-088898572dda [2026-08-27T05:38:22.578569] FD 7 (streamListen) (STDERR, APP/PROC/WEB)#
#2026 08 27 05:38:24.756#Z#DEBUG#01367556-a1d8-11f1-96fc-eeee0a992f5e.projectmanager-backend#flowable-async-job-executor-thread-5814#
[PollStartAppStatusExecution] 048b5ac7-6da8-4be5-90f9-088898572dda [2026-08-27T05:38:22.578622] Use '-debug=EventCoreLeakTrace' to show where the instantiation happened (STDERR, APP/PROC/WEB)#
#2026 08 27 05:38:24.756#Z#DEBUG#01367556-a1d8-11f1-96fc-eeee0a992f5e.projectmanager-backend#flowable-async-job-executor-thread-5814#
[PollStartAppStatusExecution] 048b5ac7-6da8-4be5-90f9-088898572dda [2026-08-27T05:38:22.581251] Exit status 0 (STDOUT, APP/PROC/WEB)#
#2026 08 27 05:38:34.787#Z#DEBUG#01367556-a1d8-11f1-96fc-eeee0a992f5e.projectmanager-backend#flowable-async-job-executor-thread-5816#
[PollStartAppStatusExecution] 048b5ac7-6da8-4be5-90f9-088898572dda [2026-08-27T05:38:28.114401] Cell e5b1c835-d2ae-428e-89b2-46da66ae6d79 stopping instance 9cb10195-7f2a-4df5-6dd2-f704 (STDOUT, CELL)#
#2026 08 27 05:38:34.787#Z#DEBUG#01367556-a1d8-11f1-96fc-eeee0a992f5e.projectmanager-backend#flowable-async-job-executor-thread-5816#
[PollStartAppStatusExecution] 048b5ac7-6da8-4be5-90f9-088898572dda [2026-08-27T05:38:28.114443] Cell e5b1c835-d2ae-428e-89b2-46da66ae6d79 destroying container for instance 9cb10195-7f2a-4df5-6dd2-f704 (STDOUT, CELL)#
#2026 08 27 05:38:34.787#Z#DEBUG#01367556-a1d8-11f1-96fc-eeee0a992f5e.projectmanager-backend#flowable-async-job-executor-thread-5816#
[PollStartAppStatusExecution] 048b5ac7-6da8-4be5-90f9-088898572dda [2026-08-27T05:38:28.144869] Process has crashed with type: "web" (STDOUT, API)#
#2026 08 27 05:38:34.787#Z#DEBUG#01367556-a1d8-11f1-96fc-eeee0a992f5e.projectmanager-backend#flowable-async-job-executor-thread-5816#
[PollStartAppStatusExecution] 048b5ac7-6da8-4be5-90f9-088898572dda [2026-08-27T05:38:28.167015] App instance exited with guid 048b5ac7-6da8-4be5-90f9-088898572dda payload: {"instance"=>"9cb10195-7f2a-4df5-6dd2-f704", "index"=>0, "cell_id"=>"e5b1c835-d2ae-428e-89b2-46da66ae6d79", "reason"=>"CRASHED", "exit_description"=>"Instance never healthy after 1m0.208s: Timed out after 1m0s (30 attempts) waiting for startup check to succeed: failed to make TCP connection to 10.143.33.68:8080: dial tcp 10.143.33.68:8080: connect: connection refused", "crash_count"=>3, "crash_timestamp"=>1787809108109130051, "version"=>"be763455-94e7-48ff-91eb-90d2e88b2a94"} (STDOUT, API)#
#2026 08 27 05:38:34.787#Z#DEBUG#01367556-a1d8-11f1-96fc-eeee0a992f5e.projectmanager-backend#flowable-async-job-executor-thread-5816#
[PollStartAppStatusExecution] 048b5ac7-6da8-4be5-90f9-088898572dda [2026-08-27T05:38:28.195882] Exit status 137 (STDOUT, PROXY)#
#2026 08 27 05:38:34.787#Z#DEBUG#01367556-a1d8-11f1-96fc-eeee0a992f5e.projectmanager-backend#flowable-async-job-executor-thread-5816#
[PollStartAppStatusExecution] 048b5ac7-6da8-4be5-90f9-088898572dda [2026-08-27T05:38:28.666044] Cell e5b1c835-d2ae-428e-89b2-46da66ae6d79 successfully destroyed container for instance 9cb10195-7f2a-4df5-6dd2-f704 (STDOUT, CELL)#
#2026 08 27 05:38:44.817#Z#DEBUG#01367556-a1d8-11f1-96fc-eeee0a992f5e.projectmanager-backend#flowable-async-job-executor-thread-5818#
[PollStartAppStatusExecution] 048b5ac7-6da8-4be5-90f9-088898572dda [2026-08-27T05:38:28.114401] Cell e5b1c835-d2ae-428e-89b2-46da66ae6d79 stopping instance 9cb10195-7f2a-4df5-6dd2-f704 (STDOUT, CELL)#
#2026 08 27 05:38:44.817#Z#DEBUG#01367556-a1d8-11f1-96fc-eeee0a992f5e.projectmanager-backend#flowable-async-job-executor-thread-5818#
[PollStartAppStatusExecution] 048b5ac7-6da8-4be5-90f9-088898572dda [2026-08-27T05:38:28.114443] Cell e5b1c835-d2ae-428e-89b2-46da66ae6d79 destroying container for instance 9cb10195-7f2a-4df5-6dd2-f704 (STDOUT, CELL)#
#2026 08 27 05:38:44.818#Z#DEBUG#01367556-a1d8-11f1-96fc-eeee0a992f5e.projectmanager-backend#flowable-async-job-executor-thread-5818#
[PollStartAppStatusExecution] 048b5ac7-6da8-4be5-90f9-088898572dda [2026-08-27T05:38:28.144869] Process has crashed with type: "web" (STDOUT, API)#
#2026 08 27 05:38:44.818#Z#DEBUG#01367556-a1d8-11f1-96fc-eeee0a992f5e.projectmanager-backend#flowable-async-job-executor-thread-5818#
[PollStartAppStatusExecution] 048b5ac7-6da8-4be5-90f9-088898572dda [2026-08-27T05:38:28.167015] App instance exited with guid 048b5ac7-6da8-4be5-90f9-088898572dda payload: {"instance"=>"9cb10195-7f2a-4df5-6dd2-f704", "index"=>0, "cell_id"=>"e5b1c835-d2ae-428e-89b2-46da66ae6d79", "reason"=>"CRASHED", "exit_description"=>"Instance never healthy after 1m0.208s: Timed out after 1m0s (30 attempts) waiting for startup check to succeed: failed to make TCP connection to 10.143.33.68:8080: dial tcp 10.143.33.68:8080: connect: connection refused", "crash_count"=>3, "crash_timestamp"=>1787809108109130051, "version"=>"be763455-94e7-48ff-91eb-90d2e88b2a94"} (STDOUT, API)#
#2026 08 27 05:38:44.818#Z#DEBUG#01367556-a1d8-11f1-96fc-eeee0a992f5e.projectmanager-backend#flowable-async-job-executor-thread-5818#
[PollStartAppStatusExecution] 048b5ac7-6da8-4be5-90f9-088898572dda [2026-08-27T05:38:28.195882] Exit status 137 (STDOUT, PROXY)#
#2026 08 27 05:38:44.818#Z#DEBUG#01367556-a1d8-11f1-96fc-eeee0a992f5e.projectmanager-backend#flowable-async-job-executor-thread-5818#
[PollStartAppStatusExecution] 048b5ac7-6da8-4be5-90f9-088898572dda [2026-08-27T05:38:28.666044] Cell e5b1c835-d2ae-428e-89b2-46da66ae6d79 successfully destroyed container for instance 9cb10195-7f2a-4df5-6dd2-f704 (STDOUT, CELL)#
#2026 08 27 05:38:44.818#Z#DEBUG#01367556-a1d8-11f1-96fc-eeee0a992f5e.projectmanager-backend#flowable-async-job-executor-thread-5818#
[PollStartAppStatusExecution] 048b5ac7-6da8-4be5-90f9-088898572dda [2026-08-27T05:38:36.878524] Stopping app with guid 048b5ac7-6da8-4be5-90f9-088898572dda (STDOUT, API)#
#2026 08 27 05:38:44.818#Z#DEBUG#01367556-a1d8-11f1-96fc-eeee0a992f5e.projectmanager-backend#flowable-async-job-executor-thread-5818#
[PollStartAppStatusExecution] 048b5ac7-6da8-4be5-90f9-088898572dda [2026-08-27T05:38:37.103759] Starting app with guid 048b5ac7-6da8-4be5-90f9-088898572dda (STDOUT, API)#
#2026 08 27 05:38:44.818#Z#DEBUG#01367556-a1d8-11f1-96fc-eeee0a992f5e.projectmanager-backend#flowable-async-job-executor-thread-5818#
[PollStartAppStatusExecution] 048b5ac7-6da8-4be5-90f9-088898572dda [2026-08-27T05:38:37.332825] Cell b5e7285e-1d8c-426a-a6e8-943a3908f442 creating container for instance 54666140-6077-4eb4-5c99-f51d (STDOUT, CELL)#
#2026 08 27 05:38:44.818#Z#DEBUG#01367556-a1d8-11f1-96fc-eeee0a992f5e.projectmanager-backend#flowable-async-job-executor-thread-5818#
[PollStartAppStatusExecution] 048b5ac7-6da8-4be5-90f9-088898572dda [2026-08-27T05:38:37.636793] Security group rules were updated (STDOUT, CELL)#
#2026 08 27 05:38:44.818#Z#DEBUG#01367556-a1d8-11f1-96fc-eeee0a992f5e.projectmanager-backend#flowable-async-job-executor-thread-5818#
[PollStartAppStatusExecution] 048b5ac7-6da8-4be5-90f9-088898572dda [2026-08-27T05:38:37.651928] Cell b5e7285e-1d8c-426a-a6e8-943a3908f442 successfully created container for instance 54666140-6077-4eb4-5c99-f51d (STDOUT, CELL)#
#2026 08 27 05:38:44.818#Z#DEBUG#01367556-a1d8-11f1-96fc-eeee0a992f5e.projectmanager-backend#flowable-async-job-executor-thread-5818#
[PollStartAppStatusExecution] 048b5ac7-6da8-4be5-90f9-088898572dda [2026-08-27T05:38:38.155] Downloading droplet... (STDOUT, CELL)#
#2026 08 27 05:38:44.818#Z#DEBUG#01367556-a1d8-11f1-96fc-eeee0a992f5e.projectmanager-backend#flowable-async-job-executor-thread-5818#
[PollStartAppStatusExecution] 048b5ac7-6da8-4be5-90f9-088898572dda [2026-08-27T05:38:38.500637] Downloaded droplet (3.7M) (STDOUT, CELL)#
#2026 08 27 05:38:44.818#Z#DEBUG#01367556-a1d8-11f1-96fc-eeee0a992f5e.projectmanager-backend#flowable-async-job-executor-thread-5818#
[PollStartAppStatusExecution] 048b5ac7-6da8-4be5-90f9-088898572dda [2026-08-27T05:38:38.500711] Starting health monitoring of container (STDOUT, CELL)#
#2026 08 27 05:38:44.818#Z#DEBUG#01367556-a1d8-11f1-96fc-eeee0a992f5e.projectmanager-backend#flowable-async-job-executor-thread-5818#
[PollStartAppStatusExecution] 048b5ac7-6da8-4be5-90f9-088898572dda [2026-08-27T05:38:38.563049] Invoking pre-start scripts. (STDOUT, APP/PROC/WEB)#
#2026 08 27 05:38:44.818#Z#DEBUG#01367556-a1d8-11f1-96fc-eeee0a992f5e.projectmanager-backend#flowable-async-job-executor-thread-5818#
[PollStartAppStatusExecution] 048b5ac7-6da8-4be5-90f9-088898572dda [2026-08-27T05:38:38.586906] Invoking start command. (STDOUT, APP/PROC/WEB)#
#2026 08 27 05:38:44.818#Z#DEBUG#01367556-a1d8-11f1-96fc-eeee0a992f5e.projectmanager-backend#flowable-async-job-executor-thread-5818#
[PollStartAppStatusExecution] 048b5ac7-6da8-4be5-90f9-088898572dda [2026-08-27T05:38:38.592598] Listening for requests on http://[::1]:8080/ (STDOUT, APP/PROC/WEB)#
#2026 08 27 05:38:44.818#Z#DEBUG#01367556-a1d8-11f1-96fc-eeee0a992f5e.projectmanager-backend#flowable-async-job-executor-thread-5818#
[PollStartAppStatusExecution] 048b5ac7-6da8-4be5-90f9-088898572dda [2026-08-27T05:38:38.592618] Listening for requests on http://127.0.0.1:8080/ (STDOUT, APP/PROC/WEB)#
#2026 08 27 05:39:44.834#Z#DEBUG#01367556-a1d8-11f1-96fc-eeee0a992f5e.projectmanager-backend#flowable-async-job-executor-thread-6964#
[PollStartAppStatusExecution] 048b5ac7-6da8-4be5-90f9-088898572dda [2026-08-27T05:39:38.700946] Timed out after 1m0s (30 attempts) waiting for startup check to succeed: failed to make TCP connection to 10.156.130.148:8080: dial tcp 10.156.130.148:8080: connect: connection refused (STDERR, HEALTH)#
#2026 08 27 05:39:44.834#Z#DEBUG#01367556-a1d8-11f1-96fc-eeee0a992f5e.projectmanager-backend#flowable-async-job-executor-thread-6964#
[PollStartAppStatusExecution] 048b5ac7-6da8-4be5-90f9-088898572dda [2026-08-27T05:39:38.700952] Failed after 1m0.2s: startup health check never passed. (STDERR, CELL)#
#2026 08 27 05:39:44.834#Z#DEBUG#01367556-a1d8-11f1-96fc-eeee0a992f5e.projectmanager-backend#flowable-async-job-executor-thread-6964#
[PollStartAppStatusExecution] 048b5ac7-6da8-4be5-90f9-088898572dda [2026-08-27T05:39:38.701235] Received signal 15. Shutting down. (STDOUT, APP/PROC/WEB)#
#2026 08 27 05:39:44.834#Z#DEBUG#01367556-a1d8-11f1-96fc-eeee0a992f5e.projectmanager-backend#flowable-async-job-executor-thread-6964#
[PollStartAppStatusExecution] 048b5ac7-6da8-4be5-90f9-088898572dda [2026-08-27T05:39:38.701545] Warning (thread: main): leaking eventcore driver because there are still active handles (STDERR, APP/PROC/WEB)#
#2026 08 27 05:39:44.834#Z#DEBUG#01367556-a1d8-11f1-96fc-eeee0a992f5e.projectmanager-backend#flowable-async-job-executor-thread-6964#
[PollStartAppStatusExecution] 048b5ac7-6da8-4be5-90f9-088898572dda [2026-08-27T05:39:38.701557] FD 6 (streamListen) (STDERR, APP/PROC/WEB)#
#2026 08 27 05:39:44.834#Z#DEBUG#01367556-a1d8-11f1-96fc-eeee0a992f5e.projectmanager-backend#flowable-async-job-executor-thread-6964#
[PollStartAppStatusExecution] 048b5ac7-6da8-4be5-90f9-088898572dda [2026-08-27T05:39:38.701561] FD 7 (streamListen) (STDERR, APP/PROC/WEB)#
#2026 08 27 05:39:44.834#Z#DEBUG#01367556-a1d8-11f1-96fc-eeee0a992f5e.projectmanager-backend#flowable-async-job-executor-thread-6964#
[PollStartAppStatusExecution] 048b5ac7-6da8-4be5-90f9-088898572dda [2026-08-27T05:39:38.701688] Use '-debug=EventCoreLeakTrace' to show where the instantiation happened (STDERR, APP/PROC/WEB)#
#2026 08 27 05:39:44.834#Z#DEBUG#01367556-a1d8-11f1-96fc-eeee0a992f5e.projectmanager-backend#flowable-async-job-executor-thread-6964#
[PollStartAppStatusExecution] 048b5ac7-6da8-4be5-90f9-088898572dda [2026-08-27T05:39:38.701857] Warning (thread: main): leaking eventcore driver because there are still active handles (STDERR, APP/PROC/WEB)#
#2026 08 27 05:39:44.834#Z#DEBUG#01367556-a1d8-11f1-96fc-eeee0a992f5e.projectmanager-backend#flowable-async-job-executor-thread-6964#
[PollStartAppStatusExecution] 048b5ac7-6da8-4be5-90f9-088898572dda [2026-08-27T05:39:38.701883] FD 6 (streamListen) (STDERR, APP/PROC/WEB)#
#2026 08 27 05:39:44.834#Z#DEBUG#01367556-a1d8-11f1-96fc-eeee0a992f5e.projectmanager-backend#flowable-async-job-executor-thread-6964#
[PollStartAppStatusExecution] 048b5ac7-6da8-4be5-90f9-088898572dda [2026-08-27T05:39:38.701897] FD 7 (streamListen) (STDERR, APP/PROC/WEB)#
#2026 08 27 05:39:44.834#Z#DEBUG#01367556-a1d8-11f1-96fc-eeee0a992f5e.projectmanager-backend#flowable-async-job-executor-thread-6964#
[PollStartAppStatusExecution] 048b5ac7-6da8-4be5-90f9-088898572dda [2026-08-27T05:39:38.702057] Use '-debug=EventCoreLeakTrace' to show where the instantiation happened (STDERR, APP/PROC/WEB)#
#2026 08 27 05:39:44.834#Z#DEBUG#01367556-a1d8-11f1-96fc-eeee0a992f5e.projectmanager-backend#flowable-async-job-executor-thread-6964#
[PollStartAppStatusExecution] 048b5ac7-6da8-4be5-90f9-088898572dda [2026-08-27T05:39:38.704337] Exit status 0 (STDOUT, APP/PROC/WEB)#
#2026 08 27 05:39:54.782#Z#DEBUG#01367556-a1d8-11f1-96fc-eeee0a992f5e.projectmanager-backend#flowable-async-job-executor-thread-6966#
[PollStartAppStatusExecution] 048b5ac7-6da8-4be5-90f9-088898572dda [2026-08-27T05:39:45.105885] Cell b5e7285e-1d8c-426a-a6e8-943a3908f442 stopping instance 54666140-6077-4eb4-5c99-f51d (STDOUT, CELL)#
#2026 08 27 05:39:54.782#Z#DEBUG#01367556-a1d8-11f1-96fc-eeee0a992f5e.projectmanager-backend#flowable-async-job-executor-thread-6966#
[PollStartAppStatusExecution] 048b5ac7-6da8-4be5-90f9-088898572dda [2026-08-27T05:39:45.105913] Cell b5e7285e-1d8c-426a-a6e8-943a3908f442 destroying container for instance 54666140-6077-4eb4-5c99-f51d (STDOUT, CELL)#
#2026 08 27 05:39:54.782#Z#DEBUG#01367556-a1d8-11f1-96fc-eeee0a992f5e.projectmanager-backend#flowable-async-job-executor-thread-6966#
[PollStartAppStatusExecution] 048b5ac7-6da8-4be5-90f9-088898572dda [2026-08-27T05:39:45.112501] Process has crashed with type: "web" (STDOUT, API)#
#2026 08 27 05:39:54.782#Z#DEBUG#01367556-a1d8-11f1-96fc-eeee0a992f5e.projectmanager-backend#flowable-async-job-executor-thread-6966#
[PollStartAppStatusExecution] 048b5ac7-6da8-4be5-90f9-088898572dda [2026-08-27T05:39:45.131482] App instance exited with guid 048b5ac7-6da8-4be5-90f9-088898572dda payload: {"instance"=>"54666140-6077-4eb4-5c99-f51d", "index"=>0, "cell_id"=>"b5e7285e-1d8c-426a-a6e8-943a3908f442", "reason"=>"CRASHED", "exit_description"=>"Instance never healthy after 1m0.2s: Timed out after 1m0s (30 attempts) waiting for startup check to succeed: failed to make TCP connection to 10.156.130.148:8080: dial tcp 10.156.130.148:8080: connect: connection refused", "crash_count"=>1, "crash_timestamp"=>1787809185077993836, "version"=>"6e27a7cb-2517-488c-b344-e99bbf28e1cc"} (STDOUT, API)#
#2026 08 27 05:39:54.782#Z#DEBUG#01367556-a1d8-11f1-96fc-eeee0a992f5e.projectmanager-backend#flowable-async-job-executor-thread-6966#
[PollStartAppStatusExecution] 048b5ac7-6da8-4be5-90f9-088898572dda [2026-08-27T05:39:45.190646] Exit status 137 (STDOUT, PROXY)#
#2026 08 27 05:39:54.782#Z#DEBUG#01367556-a1d8-11f1-96fc-eeee0a992f5e.projectmanager-backend#flowable-async-job-executor-thread-6966#
[PollStartAppStatusExecution] 048b5ac7-6da8-4be5-90f9-088898572dda [2026-08-27T05:39:45.200688] Cell e5b1c835-d2ae-428e-89b2-46da66ae6d79 creating container for instance 8172de8f-ca0c-4c72-74c3-f213 (STDOUT, CELL)#
#2026 08 27 05:39:54.782#Z#DEBUG#01367556-a1d8-11f1-96fc-eeee0a992f5e.projectmanager-backend#flowable-async-job-executor-thread-6966#
[PollStartAppStatusExecution] 048b5ac7-6da8-4be5-90f9-088898572dda [2026-08-27T05:39:45.475442] Security group rules were updated (STDOUT, CELL)#
#2026 08 27 05:39:54.782#Z#DEBUG#01367556-a1d8-11f1-96fc-eeee0a992f5e.projectmanager-backend#flowable-async-job-executor-thread-6966#
[PollStartAppStatusExecution] 048b5ac7-6da8-4be5-90f9-088898572dda [2026-08-27T05:39:45.491724] Cell e5b1c835-d2ae-428e-89b2-46da66ae6d79 successfully created container for instance 8172de8f-ca0c-4c72-74c3-f213 (STDOUT, CELL)#
#2026 08 27 05:39:54.782#Z#DEBUG#01367556-a1d8-11f1-96fc-eeee0a992f5e.projectmanager-backend#flowable-async-job-executor-thread-6966#
[PollStartAppStatusExecution] 048b5ac7-6da8-4be5-90f9-088898572dda [2026-08-27T05:39:45.611] Cell b5e7285e-1d8c-426a-a6e8-943a3908f442 successfully destroyed container for instance 54666140-6077-4eb4-5c99-f51d (STDOUT, CELL)#
#2026 08 27 05:39:54.782#Z#DEBUG#01367556-a1d8-11f1-96fc-eeee0a992f5e.projectmanager-backend#flowable-async-job-executor-thread-6966#
[PollStartAppStatusExecution] 048b5ac7-6da8-4be5-90f9-088898572dda [2026-08-27T05:39:46.257552] Downloading droplet... (STDOUT, CELL)#
#2026 08 27 05:39:54.782#Z#DEBUG#01367556-a1d8-11f1-96fc-eeee0a992f5e.projectmanager-backend#flowable-async-job-executor-thread-6966#
[PollStartAppStatusExecution] 048b5ac7-6da8-4be5-90f9-088898572dda [2026-08-27T05:39:46.579033] Downloaded droplet (3.7M) (STDOUT, CELL)#
#2026 08 27 05:39:54.782#Z#DEBUG#01367556-a1d8-11f1-96fc-eeee0a992f5e.projectmanager-backend#flowable-async-job-executor-thread-6966#
[PollStartAppStatusExecution] 048b5ac7-6da8-4be5-90f9-088898572dda [2026-08-27T05:39:46.579143] Starting health monitoring of container (STDOUT, CELL)#
#2026 08 27 05:39:54.782#Z#DEBUG#01367556-a1d8-11f1-96fc-eeee0a992f5e.projectmanager-backend#flowable-async-job-executor-thread-6966#
[PollStartAppStatusExecution] 048b5ac7-6da8-4be5-90f9-088898572dda [2026-08-27T05:39:46.642299] Invoking pre-start scripts. (STDOUT, APP/PROC/WEB)#
#2026 08 27 05:39:54.782#Z#DEBUG#01367556-a1d8-11f1-96fc-eeee0a992f5e.projectmanager-backend#flowable-async-job-executor-thread-6966#
[PollStartAppStatusExecution] 048b5ac7-6da8-4be5-90f9-088898572dda [2026-08-27T05:39:46.677433] Invoking start command. (STDOUT, APP/PROC/WEB)#
#2026 08 27 05:39:54.782#Z#DEBUG#01367556-a1d8-11f1-96fc-eeee0a992f5e.projectmanager-backend#flowable-async-job-executor-thread-6966#
[PollStartAppStatusExecution] 048b5ac7-6da8-4be5-90f9-088898572dda [2026-08-27T05:39:46.683200] Listening for requests on http://[::1]:8080/ (STDOUT, APP/PROC/WEB)#
#2026 08 27 05:39:54.782#Z#DEBUG#01367556-a1d8-11f1-96fc-eeee0a992f5e.projectmanager-backend#flowable-async-job-executor-thread-6966#
[PollStartAppStatusExecution] 048b5ac7-6da8-4be5-90f9-088898572dda [2026-08-27T05:39:46.683228] Listening for requests on http://127.0.0.1:8080/ (STDOUT, APP/PROC/WEB)#
#2026 08 27 05:40:54.831#Z#DEBUG#01367556-a1d8-11f1-96fc-eeee0a992f5e.projectmanager-backend#flowable-async-job-executor-thread-6978#
[PollStartAppStatusExecution] 048b5ac7-6da8-4be5-90f9-088898572dda [2026-08-27T05:40:46.763069] Timed out after 1m0s (30 attempts) waiting for startup check to succeed: failed to make TCP connection to 10.143.33.69:8080: dial tcp 10.143.33.69:8080: connect: connection refused (STDERR, HEALTH)#
#2026 08 27 05:40:54.831#Z#DEBUG#01367556-a1d8-11f1-96fc-eeee0a992f5e.projectmanager-backend#flowable-async-job-executor-thread-6978#
[PollStartAppStatusExecution] 048b5ac7-6da8-4be5-90f9-088898572dda [2026-08-27T05:40:46.763077] Failed after 1m0.184s: startup health check never passed. (STDERR, CELL)#
#2026 08 27 05:40:54.831#Z#DEBUG#01367556-a1d8-11f1-96fc-eeee0a992f5e.projectmanager-backend#flowable-async-job-executor-thread-6978#
[PollStartAppStatusExecution] 048b5ac7-6da8-4be5-90f9-088898572dda [2026-08-27T05:40:46.763417] Received signal 15. Shutting down. (STDOUT, APP/PROC/WEB)#
#2026 08 27 05:40:54.831#Z#DEBUG#01367556-a1d8-11f1-96fc-eeee0a992f5e.projectmanager-backend#flowable-async-job-executor-thread-6978#
[PollStartAppStatusExecution] 048b5ac7-6da8-4be5-90f9-088898572dda [2026-08-27T05:40:46.763640] Warning (thread: main): leaking eventcore driver because there are still active handles (STDERR, APP/PROC/WEB)#
#2026 08 27 05:40:54.831#Z#DEBUG#01367556-a1d8-11f1-96fc-eeee0a992f5e.projectmanager-backend#flowable-async-job-executor-thread-6978#
[PollStartAppStatusExecution] 048b5ac7-6da8-4be5-90f9-088898572dda [2026-08-27T05:40:46.763733] FD 6 (streamListen) (STDERR, APP/PROC/WEB)#
#2026 08 27 05:40:54.831#Z#DEBUG#01367556-a1d8-11f1-96fc-eeee0a992f5e.projectmanager-backend#flowable-async-job-executor-thread-6978#
[PollStartAppStatusExecution] 048b5ac7-6da8-4be5-90f9-088898572dda [2026-08-27T05:40:46.763744] FD 7 (streamListen) (STDERR, APP/PROC/WEB)#
#2026 08 27 05:40:54.831#Z#DEBUG#01367556-a1d8-11f1-96fc-eeee0a992f5e.projectmanager-backend#flowable-async-job-executor-thread-6978#
[PollStartAppStatusExecution] 048b5ac7-6da8-4be5-90f9-088898572dda [2026-08-27T05:40:46.763749] Use '-debug=EventCoreLeakTrace' to show where the instantiation happened (STDERR, APP/PROC/WEB)#
#2026 08 27 05:40:54.831#Z#DEBUG#01367556-a1d8-11f1-96fc-eeee0a992f5e.projectmanager-backend#flowable-async-job-executor-thread-6978#
[PollStartAppStatusExecution] 048b5ac7-6da8-4be5-90f9-088898572dda [2026-08-27T05:40:46.763840] Warning (thread: main): leaking eventcore driver because there are still active handles (STDERR, APP/PROC/WEB)#
#2026 08 27 05:40:54.831#Z#DEBUG#01367556-a1d8-11f1-96fc-eeee0a992f5e.projectmanager-backend#flowable-async-job-executor-thread-6978#
[PollStartAppStatusExecution] 048b5ac7-6da8-4be5-90f9-088898572dda [2026-08-27T05:40:46.763864] FD 6 (streamListen) (STDERR, APP/PROC/WEB)#
#2026 08 27 05:40:54.831#Z#DEBUG#01367556-a1d8-11f1-96fc-eeee0a992f5e.projectmanager-backend#flowable-async-job-executor-thread-6978#
[PollStartAppStatusExecution] 048b5ac7-6da8-4be5-90f9-088898572dda [2026-08-27T05:40:46.763867] FD 7 (streamListen) (STDERR, APP/PROC/WEB)#
#2026 08 27 05:40:54.831#Z#DEBUG#01367556-a1d8-11f1-96fc-eeee0a992f5e.projectmanager-backend#flowable-async-job-executor-thread-6978#
[PollStartAppStatusExecution] 048b5ac7-6da8-4be5-90f9-088898572dda [2026-08-27T05:40:46.763956] Use '-debug=EventCoreLeakTrace' to show where the instantiation happened (STDERR, APP/PROC/WEB)#
#2026 08 27 05:40:54.831#Z#DEBUG#01367556-a1d8-11f1-96fc-eeee0a992f5e.projectmanager-backend#flowable-async-job-executor-thread-6978#
[PollStartAppStatusExecution] 048b5ac7-6da8-4be5-90f9-088898572dda [2026-08-27T05:40:46.766638] Exit status 0 (STDOUT, APP/PROC/WEB)#
#2026 08 27 05:40:54.831#Z#DEBUG#01367556-a1d8-11f1-96fc-eeee0a992f5e.projectmanager-backend#flowable-async-job-executor-thread-6978#
[PollStartAppStatusExecution] 048b5ac7-6da8-4be5-90f9-088898572dda [2026-08-27T05:40:52.050056] Cell e5b1c835-d2ae-428e-89b2-46da66ae6d79 stopping instance 8172de8f-ca0c-4c72-74c3-f213 (STDOUT, CELL)#
#2026 08 27 05:40:54.831#Z#DEBUG#01367556-a1d8-11f1-96fc-eeee0a992f5e.projectmanager-backend#flowable-async-job-executor-thread-6978#
[PollStartAppStatusExecution] 048b5ac7-6da8-4be5-90f9-088898572dda [2026-08-27T05:40:52.050085] Cell e5b1c835-d2ae-428e-89b2-46da66ae6d79 destroying container for instance 8172de8f-ca0c-4c72-74c3-f213 (STDOUT, CELL)#
#2026 08 27 05:40:54.831#Z#DEBUG#01367556-a1d8-11f1-96fc-eeee0a992f5e.projectmanager-backend#flowable-async-job-executor-thread-6978#
[PollStartAppStatusExecution] 048b5ac7-6da8-4be5-90f9-088898572dda [2026-08-27T05:40:52.051211] Process has crashed with type: "web" (STDOUT, API)#
#2026 08 27 05:40:54.831#Z#DEBUG#01367556-a1d8-11f1-96fc-eeee0a992f5e.projectmanager-backend#flowable-async-job-executor-thread-6978#
[PollStartAppStatusExecution] 048b5ac7-6da8-4be5-90f9-088898572dda [2026-08-27T05:40:52.068292] App instance exited with guid 048b5ac7-6da8-4be5-90f9-088898572dda payload: {"instance"=>"8172de8f-ca0c-4c72-74c3-f213", "index"=>0, "cell_id"=>"e5b1c835-d2ae-428e-89b2-46da66ae6d79", "reason"=>"CRASHED", "exit_description"=>"Instance never healthy after 1m0.184s: Timed out after 1m0s (30 attempts) waiting for startup check to succeed: failed to make TCP connection to 10.143.33.69:8080: dial tcp 10.143.33.69:8080: connect: connection refused", "crash_count"=>2, "crash_timestamp"=>1787809252017017493, "version"=>"6e27a7cb-2517-488c-b344-e99bbf28e1cc"} (STDOUT, API)#
#2026 08 27 05:40:54.831#Z#DEBUG#01367556-a1d8-11f1-96fc-eeee0a992f5e.projectmanager-backend#flowable-async-job-executor-thread-6978#
[PollStartAppStatusExecution] 048b5ac7-6da8-4be5-90f9-088898572dda [2026-08-27T05:40:52.125980] Exit status 137 (STDOUT, PROXY)#
#2026 08 27 05:40:54.831#Z#DEBUG#01367556-a1d8-11f1-96fc-eeee0a992f5e.projectmanager-backend#flowable-async-job-executor-thread-6978#
[PollStartAppStatusExecution] 048b5ac7-6da8-4be5-90f9-088898572dda [2026-08-27T05:40:52.148157] Cell 1b7fe329-2988-483b-96b7-0a9fd2ac9cb2 creating container for instance 19539dbe-eb02-4b75-6f95-256b (STDOUT, CELL)#
#2026 08 27 05:40:54.831#Z#DEBUG#01367556-a1d8-11f1-96fc-eeee0a992f5e.projectmanager-backend#flowable-async-job-executor-thread-6978#
[PollStartAppStatusExecution] 048b5ac7-6da8-4be5-90f9-088898572dda [2026-08-27T05:40:52.498094] Security group rules were updated (STDOUT, CELL)#
#2026 08 27 05:40:54.831#Z#DEBUG#01367556-a1d8-11f1-96fc-eeee0a992f5e.projectmanager-backend#flowable-async-job-executor-thread-6978#
[PollStartAppStatusExecution] 048b5ac7-6da8-4be5-90f9-088898572dda [2026-08-27T05:40:52.516121] Cell 1b7fe329-2988-483b-96b7-0a9fd2ac9cb2 successfully created container for instance 19539dbe-eb02-4b75-6f95-256b (STDOUT, CELL)#
#2026 08 27 05:40:54.831#Z#DEBUG#01367556-a1d8-11f1-96fc-eeee0a992f5e.projectmanager-backend#flowable-async-job-executor-thread-6978#
[PollStartAppStatusExecution] 048b5ac7-6da8-4be5-90f9-088898572dda [2026-08-27T05:40:52.564638] Cell e5b1c835-d2ae-428e-89b2-46da66ae6d79 successfully destroyed container for instance 8172de8f-ca0c-4c72-74c3-f213 (STDOUT, CELL)#
#2026 08 27 05:40:54.831#Z#DEBUG#01367556-a1d8-11f1-96fc-eeee0a992f5e.projectmanager-backend#flowable-async-job-executor-thread-6978#
[PollStartAppStatusExecution] 048b5ac7-6da8-4be5-90f9-088898572dda [2026-08-27T05:40:53.272686] Downloading droplet... (STDOUT, CELL)#
#2026 08 27 05:40:54.831#Z#DEBUG#01367556-a1d8-11f1-96fc-eeee0a992f5e.projectmanager-backend#flowable-async-job-executor-thread-6978#
[PollStartAppStatusExecution] 048b5ac7-6da8-4be5-90f9-088898572dda [2026-08-27T05:40:53.597849] Downloaded droplet (3.7M) (STDOUT, CELL)#
#2026 08 27 05:40:54.831#Z#DEBUG#01367556-a1d8-11f1-96fc-eeee0a992f5e.projectmanager-backend#flowable-async-job-executor-thread-6978#
[PollStartAppStatusExecution] 048b5ac7-6da8-4be5-90f9-088898572dda [2026-08-27T05:40:53.597980] Starting health monitoring of container (STDOUT, CELL)#
#2026 08 27 05:40:54.831#Z#DEBUG#01367556-a1d8-11f1-96fc-eeee0a992f5e.projectmanager-backend#flowable-async-job-executor-thread-6978#
[PollStartAppStatusExecution] 048b5ac7-6da8-4be5-90f9-088898572dda [2026-08-27T05:40:53.671787] Invoking pre-start scripts. (STDOUT, APP/PROC/WEB)#
#2026 08 27 05:40:54.831#Z#DEBUG#01367556-a1d8-11f1-96fc-eeee0a992f5e.projectmanager-backend#flowable-async-job-executor-thread-6978#
[PollStartAppStatusExecution] 048b5ac7-6da8-4be5-90f9-088898572dda [2026-08-27T05:40:53.729685] Invoking start command. (STDOUT, APP/PROC/WEB)#
#2026 08 27 05:40:54.831#Z#DEBUG#01367556-a1d8-11f1-96fc-eeee0a992f5e.projectmanager-backend#flowable-async-job-executor-thread-6978#
[PollStartAppStatusExecution] 048b5ac7-6da8-4be5-90f9-088898572dda [2026-08-27T05:40:53.736277] Listening for requests on http://[::1]:8080/ (STDOUT, APP/PROC/WEB)#
#2026 08 27 05:40:54.831#Z#DEBUG#01367556-a1d8-11f1-96fc-eeee0a992f5e.projectmanager-backend#flowable-async-job-executor-thread-6978#
[PollStartAppStatusExecution] 048b5ac7-6da8-4be5-90f9-088898572dda [2026-08-27T05:40:53.736297] Listening for requests on http://127.0.0.1:8080/ (STDOUT, APP/PROC/WEB)#
#2026 08 27 05:41:54.885#Z#DEBUG#01367556-a1d8-11f1-96fc-eeee0a992f5e.projectmanager-backend#flowable-async-job-executor-thread-6988#
[PollStartAppStatusExecution] 048b5ac7-6da8-4be5-90f9-088898572dda [2026-08-27T05:41:53.855785] Timed out after 1m0s (30 attempts) waiting for startup check to succeed: failed to make TCP connection to 10.139.176.123:8080: dial tcp 10.139.176.123:8080: connect: connection refused (STDERR, HEALTH)#
#2026 08 27 05:41:54.885#Z#DEBUG#01367556-a1d8-11f1-96fc-eeee0a992f5e.projectmanager-backend#flowable-async-job-executor-thread-6988#
[PollStartAppStatusExecution] 048b5ac7-6da8-4be5-90f9-088898572dda [2026-08-27T05:41:53.855793] Failed after 1m0.258s: startup health check never passed. (STDERR, CELL)#
#2026 08 27 05:41:54.885#Z#DEBUG#01367556-a1d8-11f1-96fc-eeee0a992f5e.projectmanager-backend#flowable-async-job-executor-thread-6988#
[PollStartAppStatusExecution] 048b5ac7-6da8-4be5-90f9-088898572dda [2026-08-27T05:41:53.856223] Received signal 15. Shutting down. (STDOUT, APP/PROC/WEB)#
#2026 08 27 05:41:54.885#Z#DEBUG#01367556-a1d8-11f1-96fc-eeee0a992f5e.projectmanager-backend#flowable-async-job-executor-thread-6988#
[PollStartAppStatusExecution] 048b5ac7-6da8-4be5-90f9-088898572dda [2026-08-27T05:41:53.856686] Warning (thread: main): leaking eventcore driver because there are still active handles (STDERR, APP/PROC/WEB)#
#2026 08 27 05:41:54.885#Z#DEBUG#01367556-a1d8-11f1-96fc-eeee0a992f5e.projectmanager-backend#flowable-async-job-executor-thread-6988#
[PollStartAppStatusExecution] 048b5ac7-6da8-4be5-90f9-088898572dda [2026-08-27T05:41:53.856708] FD 6 (streamListen) (STDERR, APP/PROC/WEB)#
#2026 08 27 05:41:54.885#Z#DEBUG#01367556-a1d8-11f1-96fc-eeee0a992f5e.projectmanager-backend#flowable-async-job-executor-thread-6988#
[PollStartAppStatusExecution] 048b5ac7-6da8-4be5-90f9-088898572dda [2026-08-27T05:41:53.856726] FD 7 (streamListen) (STDERR, APP/PROC/WEB)#
#2026 08 27 05:41:54.885#Z#DEBUG#01367556-a1d8-11f1-96fc-eeee0a992f5e.projectmanager-backend#flowable-async-job-executor-thread-6988#
[PollStartAppStatusExecution] 048b5ac7-6da8-4be5-90f9-088898572dda [2026-08-27T05:41:53.856736] Use '-debug=EventCoreLeakTrace' to show where the instantiation happened (STDERR, APP/PROC/WEB)#
#2026 08 27 05:41:54.885#Z#DEBUG#01367556-a1d8-11f1-96fc-eeee0a992f5e.projectmanager-backend#flowable-async-job-executor-thread-6988#
[PollStartAppStatusExecution] 048b5ac7-6da8-4be5-90f9-088898572dda [2026-08-27T05:41:53.856739] Warning (thread: main): leaking eventcore driver because there are still active handles (STDERR, APP/PROC/WEB)#
#2026 08 27 05:41:54.885#Z#DEBUG#01367556-a1d8-11f1-96fc-eeee0a992f5e.projectmanager-backend#flowable-async-job-executor-thread-6988#
[PollStartAppStatusExecution] 048b5ac7-6da8-4be5-90f9-088898572dda [2026-08-27T05:41:53.856791] FD 6 (streamListen) (STDERR, APP/PROC/WEB)#
#2026 08 27 05:41:54.885#Z#DEBUG#01367556-a1d8-11f1-96fc-eeee0a992f5e.projectmanager-backend#flowable-async-job-executor-thread-6988#
[PollStartAppStatusExecution] 048b5ac7-6da8-4be5-90f9-088898572dda [2026-08-27T05:41:53.856798] FD 7 (streamListen) (STDERR, APP/PROC/WEB)#
#2026 08 27 05:41:54.885#Z#DEBUG#01367556-a1d8-11f1-96fc-eeee0a992f5e.projectmanager-backend#flowable-async-job-executor-thread-6988#
[PollStartAppStatusExecution] 048b5ac7-6da8-4be5-90f9-088898572dda [2026-08-27T05:41:53.856802] Use '-debug=EventCoreLeakTrace' to show where the instantiation happened (STDERR, APP/PROC/WEB)#
#2026 08 27 05:41:54.885#Z#DEBUG#01367556-a1d8-11f1-96fc-eeee0a992f5e.projectmanager-backend#flowable-async-job-executor-thread-6988#
[PollStartAppStatusExecution] 048b5ac7-6da8-4be5-90f9-088898572dda [2026-08-27T05:41:53.860200] Exit status 0 (STDOUT, APP/PROC/WEB)#
#2026 08 27 05:42:04.848#Z#DEBUG#01367556-a1d8-11f1-96fc-eeee0a992f5e.projectmanager-backend#flowable-async-job-executor-thread-6990#
[PollStartAppStatusExecution] 048b5ac7-6da8-4be5-90f9-088898572dda [2026-08-27T05:41:59.340018] Cell 1b7fe329-2988-483b-96b7-0a9fd2ac9cb2 stopping instance 19539dbe-eb02-4b75-6f95-256b (STDOUT, CELL)#
#2026 08 27 05:42:04.848#Z#DEBUG#01367556-a1d8-11f1-96fc-eeee0a992f5e.projectmanager-backend#flowable-async-job-executor-thread-6990#
[PollStartAppStatusExecution] 048b5ac7-6da8-4be5-90f9-088898572dda [2026-08-27T05:41:59.340052] Cell 1b7fe329-2988-483b-96b7-0a9fd2ac9cb2 destroying container for instance 19539dbe-eb02-4b75-6f95-256b (STDOUT, CELL)#
#2026 08 27 05:42:04.848#Z#DEBUG#01367556-a1d8-11f1-96fc-eeee0a992f5e.projectmanager-backend#flowable-async-job-executor-thread-6990#
[PollStartAppStatusExecution] 048b5ac7-6da8-4be5-90f9-088898572dda [2026-08-27T05:41:59.366920] Process has crashed with type: "web" (STDOUT, API)#
#2026 08 27 05:42:04.848#Z#DEBUG#01367556-a1d8-11f1-96fc-eeee0a992f5e.projectmanager-backend#flowable-async-job-executor-thread-6990#
[PollStartAppStatusExecution] 048b5ac7-6da8-4be5-90f9-088898572dda [2026-08-27T05:41:59.392296] App instance exited with guid 048b5ac7-6da8-4be5-90f9-088898572dda payload: {"instance"=>"19539dbe-eb02-4b75-6f95-256b", "index"=>0, "cell_id"=>"1b7fe329-2988-483b-96b7-0a9fd2ac9cb2", "reason"=>"CRASHED", "exit_description"=>"Instance never healthy after 1m0.258s: Timed out after 1m0s (30 attempts) waiting for startup check to succeed: failed to make TCP connection to 10.139.176.123:8080: dial tcp 10.139.176.123:8080: connect: connection refused", "crash_count"=>3, "crash_timestamp"=>1787809319334892797, "version"=>"6e27a7cb-2517-488c-b344-e99bbf28e1cc"} (STDOUT, API)#
#2026 08 27 05:42:04.848#Z#DEBUG#01367556-a1d8-11f1-96fc-eeee0a992f5e.projectmanager-backend#flowable-async-job-executor-thread-6990#
[PollStartAppStatusExecution] 048b5ac7-6da8-4be5-90f9-088898572dda [2026-08-27T05:41:59.443486] Exit status 137 (STDOUT, PROXY)#
#2026 08 27 05:42:04.848#Z#DEBUG#01367556-a1d8-11f1-96fc-eeee0a992f5e.projectmanager-backend#flowable-async-job-executor-thread-6990#
[PollStartAppStatusExecution] 048b5ac7-6da8-4be5-90f9-088898572dda [2026-08-27T05:41:59.928028] Cell 1b7fe329-2988-483b-96b7-0a9fd2ac9cb2 successfully destroyed container for instance 19539dbe-eb02-4b75-6f95-256b (STDOUT, CELL)#
